,allInPings,assistMePings,assists,baronKills,basicPings,bountyLevel,champExperience,champLevel,championId,championName,championTransform,commandPings,consumablesPurchased,damageDealtToBuildings,damageDealtToObjectives,damageDealtToTurrets,damageSelfMitigated,dangerPings,deaths,detectorWardsPlaced,doubleKills,dragonKills,eligibleForProgression,enemyMissingPings,enemyVisionPings,firstBloodAssist,firstBloodKill,firstTowerAssist,firstTowerKill,gameEndedInEarlySurrender,gameEndedInSurrender,getBackPings,goldEarned,goldSpent,holdPings,individualPosition,inhibitorKills,inhibitorTakedowns,inhibitorsLost,item0,item1,item2,item3,item4,item5,item6,itemsPurchased,killingSprees,kills,lane,largestCriticalStrike,largestKillingSpree,largestMultiKill,longestTimeSpentLiving,magicDamageDealt,magicDamageDealtToChampions,magicDamageTaken,missions,needVisionPings,neutralMinionsKilled,nexusKills,nexusLost,nexusTakedowns,objectivesStolen,objectivesStolenAssists,onMyWayPings,participantId,pentaKills,perks,physicalDamageDealt,physicalDamageDealtToChampions,physicalDamageTaken,placement,playerAugment1,playerAugment2,playerAugment3,playerAugment4,playerSubteamId,profileIcon,pushPings,puuid,quadraKills,riotIdGameName,riotIdTagline,role,sightWardsBoughtInGame,spell1Casts,spell2Casts,spell3Casts,spell4Casts,subteamPlacement,summoner1Casts,summoner1Id,summoner2Casts,summoner2Id,summonerId,summonerLevel,summonerName,teamEarlySurrendered,teamId,teamPosition,timeCCingOthers,timePlayed,totalAllyJungleMinionsKilled,totalDamageDealt,totalDamageDealtToChampions,totalDamageShieldedOnTeammates,totalDamageTaken,totalEnemyJungleMinionsKilled,totalHeal,totalHealsOnTeammates,totalMinionsKilled,totalTimeCCDealt,totalTimeSpentDead,totalUnitsHealed,tripleKills,trueDamageDealt,trueDamageDealtToChampions,trueDamageTaken,turretKills,turretTakedowns,turretsLost,unrealKills,visionClearedPings,visionScore,visionWardsBoughtInGame,wardsKilled,wardsPlaced,win
NA1_4926006174,0,0,9,0,0,0,11799,14,777,Yone,0,0,1,3251,18977,3251,15947,0,5,0,2,1,True,1,1,False,False,False,False,False,True,4,9762,9150,0,MIDDLE,0,0,0,6672,1057,3006,3153,1042,0,3340,20,2,4,MIDDLE,353,2,2,916,16533,3282,9348,"{'playerScore0': 0, 'playerScore1': 0, 'playerScore10': 0, 'playerScore11': 0, 'playerScore2': 0, 'playerScore3': 0, 'playerScore4': 0, 'playerScore5': 0, 'playerScore6': 0, 'playerScore7': 0, 'playerScore8': 0, 'playerScore9': 0}",0,16,0,0,0,0,0,3,3,0,"{'statPerks': {'defense': 5001, 'flex': 5008, 'offense': 5005}, 'styles': [{'description': 'primaryStyle', 'selections': [{'perk': 8008, 'var1': 21, 'var2': 3, 'var3': 0}, {'perk': 9111, 'var1': 844, 'var2': 260, 'var3': 0}, {'perk': 9104, 'var1': 15, 'var2': 10, 'var3': 0}, {'perk': 8299, 'var1': 334, 'var2': 0, 'var3': 0}], 'style': 8000}, {'description': 'subStyle', 'selections': [{'perk': 8444, 'var1': 1109, 'var2': 0, 'var3': 0}, {'perk': 8242, 'var1': 147, 'var2': 0, 'var3': 0}], 'style': 8400}]}",89951,10467,11882,0,0,0,0,0,0,6473,0,Ry2ICMxuiv2TrVXKop-z8qOvMGjBUnUc0L0p_Xpwb60DXfUCH9fS1xkx8J5Q4jrkzPWb0O5bZCobpg,0,T1 Panini,FAKER,SOLO,0,201,61,46,10,0,3,4,3,12,Oj5z3KRnvJvKJhmr5Jfs0r1u80AI97o_SKupINcGyVzxeC93,415,LightningKnight,False,100,MIDDLE,23,1525,0,116424,15067,0,22971,0,2955,0,136,160,192,1,0,9939,1317,1741,1,1,1,0,0,15,0,1,6,True
NA1_4925975967,4,2,6,0,0,1,19365,18,777,Yone,0,0,2,4716,39797,4716,30981,0,5,1,0,1,True,8,0,False,True,False,False,False,False,6,15832,14885,0,MIDDLE,0,0,0,3031,6333,3153,3006,6672,0,3340,24,4,12,MIDDLE,699,3,1,544,35918,4752,8199,"{'playerScore0': 0, 'playerScore1': 0, 'playerScore10': 0, 'playerScore11': 0, 'playerScore2': 0, 'playerScore3': 0, 'playerScore4': 0, 'playerScore5': 0, 'playerScore6': 0, 'playerScore7': 0, 'playerScore8': 0, 'playerScore9': 0}",1,10,0,0,0,0,0,16,3,0,"{'statPerks': {'defense': 5001, 'flex': 5008, 'offense': 5005}, 'styles': [{'description': 'primaryStyle', 'selections': [{'perk': 8008, 'var1': 39, 'var2': 7, 'var3': 0}, {'perk': 9111, 'var1': 1364, 'var2': 360, 'var3': 0}, {'perk': 9104, 'var1': 11, 'var2': 30, 'var3': 0}, {'perk': 8299, 'var1': 901, 'var2': 0, 'var3': 0}], 'style': 8000}, {'description': 'subStyle', 'selections': [{'perk': 8444, 'var1': 1304, 'var2': 0, 'var3': 0}, {'perk': 8242, 'var1': 134, 'var2': 0, 'var3': 0}], 'style': 8400}]}",204064,23545,18248,0,0,0,0,0,0,6473,0,Ry2ICMxuiv2TrVXKop-z8qOvMGjBUnUc0L0p_Xpwb60DXfUCH9fS1xkx8J5Q4jrkzPWb0O5bZCobpg,0,T1 Panini,FAKER,SOLO,0,308,95,62,12,0,3,4,4,12,Oj5z3KRnvJvKJhmr5Jfs0r1u80AI97o_SKupINcGyVzxeC93,415,LightningKnight,False,100,MIDDLE,29,2013,2,247504,33229,0,30236,0,10973,0,217,184,196,1,0,7521,4930,3788,1,3,4,0,0,24,1,0,12,True
NA1_4925949849,1,0,4,0,0,2,11829,14,84,Akali,0,1,3,1720,9540,1720,8639,0,1,0,2,0,True,6,3,False,False,False,False,False,True,2,9811,8300,0,MIDDLE,1,1,0,1054,3152,4645,3020,1052,1029,3340,17,2,7,MIDDLE,0,5,2,1176,80101,16794,4844,"{'playerScore0': 0, 'playerScore1': 0, 'playerScore10': 0, 'playerScore11': 0, 'playerScore2': 0, 'playerScore3': 0, 'playerScore4': 0, 'playerScore5': 0, 'playerScore6': 0, 'playerScore7': 0, 'playerScore8': 0, 'playerScore9': 0}",0,2,0,0,0,0,0,5,3,0,"{'statPerks': {'defense': 5001, 'flex': 5008, 'offense': 5008}, 'styles': [{'description': 'primaryStyle', 'selections': [{'perk': 8021, 'var1': 1852, 'var2': 2086, 'var3': 0}, {'perk': 8009, 'var1': 540, 'var2': 0, 'var3': 0}, {'perk': 9105, 'var1': 13, 'var2': 10, 'var3': 0}, {'perk': 8299, 'var1': 554, 'var2': 0, 'var3': 0}], 'style': 8000}, {'description': 'subStyle', 'selections': [{'perk': 8451, 'var1': 185, 'var2': 0, 'var3': 0}, {'perk': 8444, 'var1': 898, 'var2': 0, 'var3': 0}], 'style': 8400}]}",10096,1015,10357,0,0,0,0,0,0,6473,0,Ry2ICMxuiv2TrVXKop-z8qOvMGjBUnUc0L0p_Xpwb60DXfUCH9fS1xkx8J5Q4jrkzPWb0O5bZCobpg,0,T1 Panini,FAKER,SOLO,0,127,23,54,14,0,2,4,3,12,Oj5z3KRnvJvKJhmr5Jfs0r1u80AI97o_SKupINcGyVzxeC93,415,LightningKnight,False,100,MIDDLE,1,1327,0,95672,17809,0,15992,0,3019,0,157,57,41,1,0,5474,0,789,0,1,2,0,0,12,0,1,6,True
NA1_4925113905,0,0,5,0,0,1,14975,16,777,Yone,0,0,1,3058,10755,3058,17183,0,1,0,0,0,True,2,0,False,False,False,False,False,True,4,11311,11100,0,MIDDLE,1,1,0,1054,3006,3153,6672,3031,0,3340,18,1,5,TOP,422,4,1,1189,20422,2404,4200,"{'playerScore0': 0, 'playerScore1': 0, 'playerScore10': 0, 'playerScore11': 0, 'playerScore2': 0, 'playerScore3': 0, 'playerScore4': 0, 'playerScore5': 0, 'playerScore6': 0, 'playerScore7': 0, 'playerScore8': 0, 'playerScore9': 0}",0,10,0,0,0,1,0,9,8,0,"{'statPerks': {'defense': 5001, 'flex': 5008, 'offense': 5005}, 'styles': [{'description': 'primaryStyle', 'selections': [{'perk': 8008, 'var1': 12, 'var2': 2, 'var3': 0}, {'perk': 9111, 'var1': 635, 'var2': 200, 'var3': 0}, {'perk': 9104, 'var1': 13, 'var2': 20, 'var3': 0}, {'perk': 8299, 'var1': 197, 'var2': 0, 'var3': 0}], 'style': 8000}, {'description': 'subStyle', 'selections': [{'perk': 8444, 'var1': 1188, 'var2': 0, 'var3': 0}, {'perk': 8242, 'var1': 104, 'var2': 0, 'var3': 0}], 'style': 8400}]}",126396,10336,14672,0,0,0,0,0,0,6473,0,Ry2ICMxuiv2TrVXKop-z8qOvMGjBUnUc0L0p_Xpwb60DXfUCH9fS1xkx8J5Q4jrkzPWb0O5bZCobpg,0,T1 Panini,FAKER,DUO,0,246,75,65,8,0,1,4,4,12,Oj5z3KRnvJvKJhmr5Jfs0r1u80AI97o_SKupINcGyVzxeC93,415,LightningKnight,False,200,MIDDLE,20,1541,0,169637,15263,0,19245,4,6577,0,210,222,41,1,0,22818,2521,373,1,2,1,0,0,20,0,4,8,True
NA1_4925061795,0,0,4,0,0,0,12950,14,61,Orianna,0,0,3,1437,6234,1437,12520,0,7,0,0,0,True,2,1,False,False,False,False,False,False,7,10365,10225,0,MIDDLE,0,0,3,4645,2420,6655,3020,3113,0,3340,18,1,3,MIDDLE,0,3,1,531,132304,17028,11135,"{'playerScore0': 0, 'playerScore1': 0, 'playerScore10': 0, 'playerScore11': 0, 'playerScore2': 0, 'playerScore3': 0, 'playerScore4': 0, 'playerScore5': 0, 'playerScore6': 0, 'playerScore7': 0, 'playerScore8': 0, 'playerScore9': 0}",2,4,0,1,0,0,0,13,3,0,"{'statPerks': {'defense': 5001, 'flex': 5008, 'offense': 5005}, 'styles': [{'description': 'primaryStyle', 'selections': [{'perk': 8214, 'var1': 1037, 'var2': 713, 'var3': 0}, {'perk': 8226, 'var1': 250, 'var2': 1016, 'var3': 0}, {'perk': 8233, 'var1': 19, 'var2': 0, 'var3': 0}, {'perk': 8237, 'var1': 545, 'var2': 0, 'var3': 0}], 'style': 8200}, {'description': 'subStyle', 'selections': [{'perk': 8345, 'var1': 3, 'var2': 0, 'var3': 0}, {'perk': 8347, 'var1': 0, 'var2': 0, 'var3': 0}], 'style': 8300}]}",17005,905,8480,0,0,0,0,0,0,6473,0,Ry2ICMxuiv2TrVXKop-z8qOvMGjBUnUc0L0p_Xpwb60DXfUCH9fS1xkx8J5Q4jrkzPWb0O5bZCobpg,0,T1 Panini,FAKER,SOLO,0,126,126,68,10,0,3,4,3,12,Oj5z3KRnvJvKJhmr5Jfs0r1u80AI97o_SKupINcGyVzxeC93,415,LightningKnight,False,100,MIDDLE,22,1870,0,151072,17999,1982,20165,0,982,0,214,295,229,1,0,1763,65,548,1,2,11,0,0,12,1,2,6,False
NA1_4925026917,2,4,7,0,0,0,12155,14,61,Orianna,0,0,3,3401,11699,3401,14355,0,7,1,0,0,True,7,0,False,False,False,False,False,False,15,10135,9525,0,MIDDLE,0,1,1,4645,6655,3020,2420,0,0,3340,18,0,4,MIDDLE,0,0,1,667,102737,15615,8637,"{'playerScore0': 0, 'playerScore1': 0, 'playerScore10': 0, 'playerScore11': 0, 'playerScore2': 0, 'playerScore3': 0, 'playerScore4': 0, 'playerScore5': 0, 'playerScore6': 0, 'playerScore7': 0, 'playerScore8': 0, 'playerScore9': 0}",1,0,0,1,0,0,0,18,8,0,"{'statPerks': {'defense': 5001, 'flex': 5008, 'offense': 5005}, 'styles': [{'description': 'primaryStyle', 'selections': [{'perk': 8214, 'var1': 817, 'var2': 784, 'var3': 0}, {'perk': 8226, 'var1': 250, 'var2': 699, 'var3': 0}, {'perk': 8233, 'var1': 12, 'var2': 40, 'var3': 0}, {'perk': 8237, 'var1': 485, 'var2': 0, 'var3': 0}], 'style': 8200}, {'description': 'subStyle', 'selections': [{'perk': 8345, 'var1': 3, 'var2': 0, 'var3': 0}, {'perk': 8347, 'var1': 0, 'var2': 0, 'var3': 0}], 'style': 8300}]}",15245,748,13048,0,0,0,0,0,0,6473,0,Ry2ICMxuiv2TrVXKop-z8qOvMGjBUnUc0L0p_Xpwb60DXfUCH9fS1xkx8J5Q4jrkzPWb0O5bZCobpg,0,T1 Panini,FAKER,SOLO,0,107,111,61,11,0,4,4,3,12,Oj5z3KRnvJvKJhmr5Jfs0r1u80AI97o_SKupINcGyVzxeC93,414,LightningKnight,False,200,MIDDLE,20,1801,0,121273,16364,1453,23144,0,1251,0,178,210,241,1,0,3291,0,1459,1,2,8,0,0,18,1,2,8,False
NA1_4924545748,0,0,11,0,0,2,16296,16,61,Orianna,0,0,2,10778,26163,10778,8970,0,2,0,0,0,True,6,0,False,False,False,True,False,False,10,13150,11700,0,MIDDLE,0,1,0,4646,4645,3020,1029,6655,0,3340,16,3,6,MIDDLE,0,2,1,1032,147394,22254,9592,"{'playerScore0': 0, 'playerScore1': 0, 'playerScore10': 0, 'playerScore11': 0, 'playerScore2': 0, 'playerScore3': 0, 'playerScore4': 0, 'playerScore5': 0, 'playerScore6': 0, 'playerScore7': 0, 'playerScore8': 0, 'playerScore9': 0}",1,4,0,0,1,0,0,6,3,0,"{'statPerks': {'defense': 5001, 'flex': 5008, 'offense': 5005}, 'styles': [{'description': 'primaryStyle', 'selections': [{'perk': 8214, 'var1': 1252, 'var2': 1336, 'var3': 0}, {'perk': 8226, 'var1': 250, 'var2': 869, 'var3': 0}, {'perk': 8233, 'var1': 20, 'var2': 20, 'var3': 0}, {'perk': 8237, 'var1': 537, 'var2': 0, 'var3': 0}], 'style': 8200}, {'description': 'subStyle', 'selections': [{'perk': 8345, 'var1': 3, 'var2': 0, 'var3': 0}, {'perk': 8347, 'var1': 0, 'var2': 0, 'var3': 0}], 'style': 8300}]}",17769,662,6445,0,0,0,0,0,0,6473,0,Ry2ICMxuiv2TrVXKop-z8qOvMGjBUnUc0L0p_Xpwb60DXfUCH9fS1xkx8J5Q4jrkzPWb0O5bZCobpg,0,T1 Panini,FAKER,SOLO,0,110,120,61,10,0,3,4,3,12,Oj5z3KRnvJvKJhmr5Jfs0r1u80AI97o_SKupINcGyVzxeC93,414,LightningKnight,False,100,MIDDLE,19,1773,0,169442,23201,1869,16616,4,1893,0,204,198,87,1,0,4278,284,578,4,6,1,0,0,20,0,1,11,True
NA1_4924490929,0,2,11,0,0,2,19803,18,122,Darius,0,0,1,5511,17486,5511,50119,0,10,0,2,0,True,3,0,False,False,False,False,False,False,7,14776,13833,0,TOP,0,1,4,1055,3078,3053,3047,6333,3075,3340,24,3,7,TOP,4,3,2,402,1585,1059,12405,"{'playerScore0': 0, 'playerScore1': 0, 'playerScore10': 0, 'playerScore11': 0, 'playerScore2': 0, 'playerScore3': 0, 'playerScore4': 0, 'playerScore5': 0, 'playerScore6': 0, 'playerScore7': 0, 'playerScore8': 0, 'playerScore9': 0}",0,6,0,0,1,0,0,13,2,0,"{'statPerks': {'defense': 5001, 'flex': 5008, 'offense': 5005}, 'styles': [{'description': 'primaryStyle', 'selections': [{'perk': 8010, 'var1': 508, 'var2': 0, 'var3': 0}, {'perk': 9111, 'var1': 1702, 'var2': 360, 'var3': 0}, {'perk': 9105, 'var1': 12, 'var2': 0, 'var3': 0}, {'perk': 8299, 'var1': 883, 'var2': 0, 'var3': 0}], 'style': 8000}, {'description': 'subStyle', 'selections': [{'perk': 8473, 'var1': 1286, 'var2': 0, 'var3': 0}, {'perk': 8242, 'var1': 158, 'var2': 0, 'var3': 0}], 'style': 8400}]}",168786,22707,28756,0,0,0,0,0,0,6473,0,Ry2ICMxuiv2TrVXKop-z8qOvMGjBUnUc0L0p_Xpwb60DXfUCH9fS1xkx8J5Q4jrkzPWb0O5bZCobpg,0,T1 Panini,FAKER,SOLO,0,91,108,26,10,0,7,4,8,6,Oj5z3KRnvJvKJhmr5Jfs0r1u80AI97o_SKupINcGyVzxeC93,414,LightningKnight,False,100,TOP,24,2338,4,179472,29024,0,44478,0,10086,0,206,163,334,1,0,9101,5256,3316,3,4,8,0,0,24,0,1,14,True
NA1_4924424539,0,4,7,0,0,0,15750,16,61,Orianna,0,0,4,2296,10733,2296,16873,0,10,0,0,0,True,12,1,False,False,False,False,False,False,2,12582,12150,0,MIDDLE,0,2,0,3157,1056,3020,4645,6655,4630,3340,22,2,7,MIDDLE,0,2,1,764,156922,26161,22354,"{'playerScore0': 0, 'playerScore1': 0, 'playerScore10': 0, 'playerScore11': 0, 'playerScore2': 0, 'playerScore3': 0, 'playerScore4': 0, 'playerScore5': 0, 'playerScore6': 0, 'playerScore7': 0, 'playerScore8': 0, 'playerScore9': 0}",3,1,0,0,0,0,0,16,8,0,"{'statPerks': {'defense': 5001, 'flex': 5008, 'offense': 5005}, 'styles': [{'description': 'primaryStyle', 'selections': [{'perk': 8214, 'var1': 1687, 'var2': 454, 'var3': 0}, {'perk': 8226, 'var1': 250, 'var2': 1304, 'var3': 0}, {'perk': 8233, 'var1': 22, 'var2': 20, 'var3': 0}, {'perk': 8237, 'var1': 770, 'var2': 0, 'var3': 0}], 'style': 8200}, {'description': 'subStyle', 'selections': [{'perk': 8345, 'var1': 3, 'var2': 0, 'var3': 0}, {'perk': 8347, 'var1': 0, 'var2': 0, 'var3': 0}], 'style': 8300}]}",15417,1594,8569,0,0,0,0,0,0,6473,0,Ry2ICMxuiv2TrVXKop-z8qOvMGjBUnUc0L0p_Xpwb60DXfUCH9fS1xkx8J5Q4jrkzPWb0O5bZCobpg,0,T1 Panini,FAKER,SOLO,0,144,149,71,16,0,7,4,4,12,Oj5z3KRnvJvKJhmr5Jfs0r1u80AI97o_SKupINcGyVzxeC93,414,LightningKnight,False,200,MIDDLE,26,2254,0,173667,27820,1085,31544,1,3461,0,193,436,299,1,0,1328,64,620,0,1,4,0,0,23,0,1,14,True
NA1_4924364507,0,11,11,0,0,0,14664,15,61,Orianna,0,0,2,2567,9405,2567,20807,0,7,0,0,1,True,6,0,False,False,False,False,False,False,7,10884,10860,0,MIDDLE,0,0,1,3157,0,6655,4646,3020,0,3340,19,1,3,MIDDLE,0,2,1,532,121138,22121,9212,"{'playerScore0': 0, 'playerScore1': 0, 'playerScore10': 0, 'playerScore11': 0, 'playerScore2': 0, 'playerScore3': 0, 'playerScore4': 0, 'playerScore5': 0, 'playerScore6': 0, 'playerScore7': 0, 'playerScore8': 0, 'playerScore9': 0}",0,8,0,1,0,0,0,6,8,0,"{'statPerks': {'defense': 5001, 'flex': 5008, 'offense': 5005}, 'styles': [{'description': 'primaryStyle', 'selections': [{'perk': 8214, 'var1': 1651, 'var2': 243, 'var3': 0}, {'perk': 8226, 'var1': 250, 'var2': 1383, 'var3': 0}, {'perk': 8233, 'var1': 16, 'var2': 50, 'var3': 0}, {'perk': 8237, 'var1': 763, 'var2': 0, 'var3': 0}], 'style': 8200}, {'description': 'subStyle', 'selections': [{'perk': 8345, 'var1': 3, 'var2': 0, 'var3': 0}, {'perk': 8347, 'var1': 0, 'var2': 0, 'var3': 0}], 'style': 8300}]}",13141,1347,14051,0,0,0,0,0,0,6473,0,Ry2ICMxuiv2TrVXKop-z8qOvMGjBUnUc0L0p_Xpwb60DXfUCH9fS1xkx8J5Q4jrkzPWb0O5bZCobpg,0,T1 Panini,FAKER,SOLO,0,132,131,69,12,0,5,4,3,12,Oj5z3KRnvJvKJhmr5Jfs0r1u80AI97o_SKupINcGyVzxeC93,414,LightningKnight,False,200,MIDDLE,27,1916,4,135895,23469,1242,23647,0,3081,0,202,346,220,1,0,1615,0,383,1,1,10,0,0,16,0,0,11,False
NA1_4924274461,0,4,6,0,0,2,11122,13,61,Orianna,0,0,4,6636,14653,6636,5647,0,2,0,0,0,True,5,1,False,False,False,False,False,False,12,9922,7800,0,MIDDLE,0,1,0,1056,4645,6655,3020,0,0,3340,13,2,5,MIDDLE,0,3,1,820,93093,11626,3725,"{'playerScore0': 0, 'playerScore1': 0, 'playerScore10': 0, 'playerScore11': 0, 'playerScore2': 0, 'playerScore3': 0, 'playerScore4': 0, 'playerScore5': 0, 'playerScore6': 0, 'playerScore7': 0, 'playerScore8': 0, 'playerScore9': 0}",0,0,0,0,1,0,0,0,8,0,"{'statPerks': {'defense': 5001, 'flex': 5008, 'offense': 5005}, 'styles': [{'description': 'primaryStyle', 'selections': [{'perk': 8214, 'var1': 950, 'var2': 560, 'var3': 0}, {'perk': 8226, 'var1': 250, 'var2': 570, 'var3': 0}, {'perk': 8233, 'var1': 15, 'var2': 10, 'var3': 0}, {'perk': 8237, 'var1': 491, 'var2': 0, 'var3': 0}], 'style': 8200}, {'description': 'subStyle', 'selections': [{'perk': 8345, 'var1': 3, 'var2': 0, 'var3': 0}, {'perk': 8347, 'var1': 0, 'var2': 0, 'var3': 0}], 'style': 8300}]}",9650,730,5891,0,0,0,0,0,0,6473,0,Ry2ICMxuiv2TrVXKop-z8qOvMGjBUnUc0L0p_Xpwb60DXfUCH9fS1xkx8J5Q4jrkzPWb0O5bZCobpg,0,T1 Panini,FAKER,SOLO,0,97,85,52,8,0,2,4,3,12,Oj5z3KRnvJvKJhmr5Jfs0r1u80AI97o_SKupINcGyVzxeC93,414,LightningKnight,False,200,MIDDLE,15,1432,0,114004,12357,897,9785,0,957,0,149,258,71,1,0,11260,0,168,3,6,1,0,0,19,0,4,8,True
NA1_4924249902,0,1,3,0,0,0,10922,13,777,Yone,0,0,2,0,525,0,13403,0,4,1,0,0,True,6,2,False,False,False,False,False,False,6,7449,7250,0,MIDDLE,0,0,1,1054,3153,1053,3006,1037,1018,3340,15,1,2,MIDDLE,0,2,1,675,13062,2291,6536,"{'playerScore0': 0, 'playerScore1': 0, 'playerScore10': 0, 'playerScore11': 0, 'playerScore2': 0, 'playerScore3': 0, 'playerScore4': 0, 'playerScore5': 0, 'playerScore6': 0, 'playerScore7': 0, 'playerScore8': 0, 'playerScore9': 0}",0,0,0,1,0,0,0,2,3,0,"{'statPerks': {'defense': 5001, 'flex': 5008, 'offense': 5005}, 'styles': [{'description': 'primaryStyle', 'selections': [{'perk': 8008, 'var1': 0, 'var2': 0, 'var3': 0}, {'perk': 9111, 'var1': 321, 'var2': 100, 'var3': 0}, {'perk': 9104, 'var1': 18, 'var2': 0, 'var3': 0}, {'perk': 8299, 'var1': 382, 'var2': 0, 'var3': 0}], 'style': 8000}, {'description': 'subStyle', 'selections': [{'perk': 8444, 'var1': 1157, 'var2': 0, 'var3': 0}, {'perk': 8242, 'var1': 72, 'var2': 0, 'var3': 0}], 'style': 8400}]}",71073,6701,11666,0,0,0,0,0,0,6473,0,Ry2ICMxuiv2TrVXKop-z8qOvMGjBUnUc0L0p_Xpwb60DXfUCH9fS1xkx8J5Q4jrkzPWb0O5bZCobpg,0,T1 Panini,FAKER,SOLO,0,172,54,43,9,0,3,4,4,14,Oj5z3KRnvJvKJhmr5Jfs0r1u80AI97o_SKupINcGyVzxeC93,413,LightningKnight,False,100,MIDDLE,15,1417,0,94497,11503,0,18967,0,4662,0,156,106,92,1,0,10361,2510,763,0,0,9,0,0,15,1,1,7,False
NA1_4924205110,0,4,6,0,0,4,15583,16,910,Hwei,0,0,4,5536,10473,5536,16181,0,6,1,0,0,True,4,0,False,False,False,False,False,False,12,13134,12775,0,MIDDLE,0,0,2,2420,4646,3020,4645,6655,0,3340,19,2,7,MIDDLE,0,4,1,493,148216,26832,13310,"{'playerScore0': 0, 'playerScore1': 0, 'playerScore10': 0, 'playerScore11': 0, 'playerScore2': 0, 'playerScore3': 0, 'playerScore4': 0, 'playerScore5': 0, 'playerScore6': 0, 'playerScore7': 0, 'playerScore8': 0, 'playerScore9': 0}",0,12,0,1,0,0,0,12,8,0,"{'statPerks': {'defense': 5001, 'flex': 5008, 'offense': 5005}, 'styles': [{'description': 'primaryStyle', 'selections': [{'perk': 8229, 'var1': 2831, 'var2': 0, 'var3': 0}, {'perk': 8226, 'var1': 250, 'var2': 1571, 'var3': 0}, {'perk': 8233, 'var1': 28, 'var2': 0, 'var3': 0}, {'perk': 8237, 'var1': 865, 'var2': 0, 'var3': 0}], 'style': 8200}, {'description': 'subStyle', 'selections': [{'perk': 8345, 'var1': 3, 'var2': 0, 'var3': 0}, {'perk': 8347, 'var1': 0, 'var2': 0, 'var3': 0}], 'style': 8300}]}",21377,1228,9304,0,0,0,0,0,0,6473,0,Ry2ICMxuiv2TrVXKop-z8qOvMGjBUnUc0L0p_Xpwb60DXfUCH9fS1xkx8J5Q4jrkzPWb0O5bZCobpg,0,T1 Panini,FAKER,SOLO,0,126,51,76,11,0,5,4,4,12,Oj5z3KRnvJvKJhmr5Jfs0r1u80AI97o_SKupINcGyVzxeC93,413,LightningKnight,False,200,MIDDLE,27,2288,8,172124,28582,987,23668,0,2364,0,205,803,201,1,0,2530,521,1053,1,1,9,0,0,26,1,0,16,False
NA1_4923552682,0,6,5,0,0,1,17933,17,61,Orianna,0,0,3,5518,20583,5518,12735,0,2,1,1,0,True,9,0,False,True,False,False,False,False,6,13846,11975,0,MIDDLE,1,1,0,3157,6655,3020,4646,1058,0,3340,19,1,6,MIDDLE,0,4,2,1253,155717,14738,12944,"{'playerScore0': 0, 'playerScore1': 0, 'playerScore10': 0, 'playerScore11': 0, 'playerScore2': 0, 'playerScore3': 0, 'playerScore4': 0, 'playerScore5': 0, 'playerScore6': 0, 'playerScore7': 0, 'playerScore8': 0, 'playerScore9': 0}",0,12,0,0,1,0,0,4,8,0,"{'statPerks': {'defense': 5001, 'flex': 5008, 'offense': 5005}, 'styles': [{'description': 'primaryStyle', 'selections': [{'perk': 8214, 'var1': 1194, 'var2': 1041, 'var3': 0}, {'perk': 8226, 'var1': 250, 'var2': 992, 'var3': 0}, {'perk': 8233, 'var1': 22, 'var2': 0, 'var3': 0}, {'perk': 8237, 'var1': 523, 'var2': 0, 'var3': 0}], 'style': 8200}, {'description': 'subStyle', 'selections': [{'perk': 8345, 'var1': 3, 'var2': 0, 'var3': 0}, {'perk': 8347, 'var1': 0, 'var2': 0, 'var3': 0}], 'style': 8300}]}",18968,803,4893,0,0,0,0,0,0,6473,0,Ry2ICMxuiv2TrVXKop-z8qOvMGjBUnUc0L0p_Xpwb60DXfUCH9fS1xkx8J5Q4jrkzPWb0O5bZCobpg,0,T1 Panini,FAKER,SOLO,0,152,129,70,8,0,4,4,2,12,Oj5z3KRnvJvKJhmr5Jfs0r1u80AI97o_SKupINcGyVzxeC93,413,LightningKnight,False,200,MIDDLE,13,1962,6,180227,15718,2081,18256,0,5020,0,224,367,74,1,0,5542,176,417,2,5,3,0,0,22,1,0,11,True
NA1_4923504718,0,3,8,0,0,0,15531,16,777,Yone,0,0,1,1693,5073,1693,29906,0,11,0,0,0,True,10,0,False,False,False,False,False,False,5,11152,11180,0,MIDDLE,0,0,3,6333,3006,3153,6672,0,0,3340,19,0,1,MIDDLE,415,0,1,407,24810,3987,12607,"{'playerScore0': 0, 'playerScore1': 0, 'playerScore10': 0, 'playerScore11': 0, 'playerScore2': 0, 'playerScore3': 0, 'playerScore4': 0, 'playerScore5': 0, 'playerScore6': 0, 'playerScore7': 0, 'playerScore8': 0, 'playerScore9': 0}",0,0,0,1,0,0,0,10,8,0,"{'statPerks': {'defense': 5001, 'flex': 5008, 'offense': 5005}, 'styles': [{'description': 'primaryStyle', 'selections': [{'perk': 8008, 'var1': 6, 'var2': 1, 'var3': 0}, {'perk': 9111, 'var1': 355, 'var2': 180, 'var3': 0}, {'perk': 9104, 'var1': 20, 'var2': 40, 'var3': 0}, {'perk': 8299, 'var1': 887, 'var2': 0, 'var3': 0}], 'style': 8000}, {'description': 'subStyle', 'selections': [{'perk': 8444, 'var1': 1402, 'var2': 0, 'var3': 0}, {'perk': 8242, 'var1': 127, 'var2': 0, 'var3': 0}], 'style': 8400}]}",133424,14764,19550,0,0,0,0,0,0,6473,0,Ry2ICMxuiv2TrVXKop-z8qOvMGjBUnUc0L0p_Xpwb60DXfUCH9fS1xkx8J5Q4jrkzPWb0O5bZCobpg,0,T1 Panini,FAKER,SOLO,0,247,72,52,15,0,5,4,1,12,Oj5z3KRnvJvKJhmr5Jfs0r1u80AI97o_SKupINcGyVzxeC93,413,LightningKnight,False,200,MIDDLE,26,2132,0,163529,21021,0,35156,0,4092,0,215,142,386,1,0,5294,2269,2998,0,0,10,0,0,13,0,1,8,False
NA1_4923297911,0,0,4,1,0,0,14658,15,777,Yone,0,0,1,10875,28480,10875,36046,0,7,0,1,0,True,6,0,False,False,False,False,False,False,3,14224,14200,0,MIDDLE,0,0,1,3026,3006,3153,6672,6333,0,3340,19,3,8,MIDDLE,470,4,2,424,25241,5182,4601,"{'playerScore0': 0, 'playerScore1': 0, 'playerScore10': 0, 'playerScore11': 0, 'playerScore2': 0, 'playerScore3': 0, 'playerScore4': 0, 'playerScore5': 0, 'playerScore6': 0, 'playerScore7': 0, 'playerScore8': 0, 'playerScore9': 0}",0,10,0,1,0,0,1,7,3,0,"{'statPerks': {'defense': 5001, 'flex': 5008, 'offense': 5005}, 'styles': [{'description': 'primaryStyle', 'selections': [{'perk': 8008, 'var1': 28, 'var2': 2, 'var3': 0}, {'perk': 9111, 'var1': 695, 'var2': 240, 'var3': 0}, {'perk': 9104, 'var1': 12, 'var2': 50, 'var3': 0}, {'perk': 8299, 'var1': 822, 'var2': 0, 'var3': 0}], 'style': 8000}, {'description': 'subStyle', 'selections': [{'perk': 8444, 'var1': 882, 'var2': 0, 'var3': 0}, {'perk': 8242, 'var1': 106, 'var2': 0, 'var3': 0}], 'style': 8400}]}",143075,20447,21993,0,0,0,0,0,0,6473,0,Ry2ICMxuiv2TrVXKop-z8qOvMGjBUnUc0L0p_Xpwb60DXfUCH9fS1xkx8J5Q4jrkzPWb0O5bZCobpg,0,T1 Panini,FAKER,SOLO,0,226,71,40,11,0,3,4,7,14,Oj5z3KRnvJvKJhmr5Jfs0r1u80AI97o_SKupINcGyVzxeC93,413,LightningKnight,False,100,MIDDLE,26,1812,2,174009,30010,0,28639,0,8806,0,188,131,197,1,0,5692,4380,2044,4,4,8,0,0,14,0,0,8,False
NA1_4923266195,1,0,0,0,0,0,10646,13,777,Yone,0,0,1,2634,5525,2634,16139,0,3,0,1,0,True,2,0,False,False,False,False,False,False,2,9406,8610,0,MIDDLE,0,0,1,1054,2031,3153,6672,3006,1018,3340,13,1,6,MIDDLE,345,6,2,1214,14482,2623,5913,"{'playerScore0': 0, 'playerScore1': 0, 'playerScore10': 0, 'playerScore11': 0, 'playerScore2': 0, 'playerScore3': 0, 'playerScore4': 0, 'playerScore5': 0, 'playerScore6': 0, 'playerScore7': 0, 'playerScore8': 0, 'playerScore9': 0}",0,0,0,1,0,0,0,3,8,0,"{'statPerks': {'defense': 5001, 'flex': 5008, 'offense': 5005}, 'styles': [{'description': 'primaryStyle', 'selections': [{'perk': 8008, 'var1': 13, 'var2': 0, 'var3': 0}, {'perk': 9111, 'var1': 383, 'var2': 120, 'var3': 0}, {'perk': 9104, 'var1': 17, 'var2': 0, 'var3': 0}, {'perk': 8299, 'var1': 293, 'var2': 0, 'var3': 0}], 'style': 8000}, {'description': 'subStyle', 'selections': [{'perk': 8444, 'var1': 1368, 'var2': 0, 'var3': 0}, {'perk': 8242, 'var1': 81, 'var2': 0, 'var3': 0}], 'style': 8400}]}",78967,8030,14075,0,0,0,0,0,0,6473,0,Ry2ICMxuiv2TrVXKop-z8qOvMGjBUnUc0L0p_Xpwb60DXfUCH9fS1xkx8J5Q4jrkzPWb0O5bZCobpg,0,T1 Panini,FAKER,SOLO,0,189,58,35,7,0,3,4,3,12,Oj5z3KRnvJvKJhmr5Jfs0r1u80AI97o_SKupINcGyVzxeC93,412,LightningKnight,False,200,MIDDLE,16,1457,0,95372,12261,0,20350,0,2705,0,142,136,81,1,0,1921,1607,362,1,1,9,0,0,10,0,0,7,False
NA1_4922717014,0,1,11,0,0,3,20268,18,777,Yone,0,0,2,7238,13846,7238,55791,0,10,1,3,0,True,3,0,False,False,False,False,False,True,0,19446,17525,0,MIDDLE,0,1,0,3031,6673,6672,3006,6333,3026,3340,27,6,19,MIDDLE,815,4,2,441,32441,9531,16738,"{'playerScore0': 0, 'playerScore1': 0, 'playerScore10': 0, 'playerScore11': 0, 'playerScore2': 0, 'playerScore3': 0, 'playerScore4': 0, 'playerScore5': 0, 'playerScore6': 0, 'playerScore7': 0, 'playerScore8': 0, 'playerScore9': 0}",0,4,0,0,1,0,1,4,3,0,"{'statPerks': {'defense': 5001, 'flex': 5008, 'offense': 5005}, 'styles': [{'description': 'primaryStyle', 'selections': [{'perk': 8008, 'var1': 70, 'var2': 3, 'var3': 0}, {'perk': 9111, 'var1': 2827, 'var2': 600, 'var3': 0}, {'perk': 9104, 'var1': 13, 'var2': 0, 'var3': 0}, {'perk': 8299, 'var1': 1893, 'var2': 0, 'var3': 0}], 'style': 8000}, {'description': 'subStyle', 'selections': [{'perk': 8444, 'var1': 2664, 'var2': 0, 'var3': 0}, {'perk': 8242, 'var1': 212, 'var2': 0, 'var3': 0}], 'style': 8400}]}",180007,36462,25790,0,0,0,0,0,0,6473,0,Ry2ICMxuiv2TrVXKop-z8qOvMGjBUnUc0L0p_Xpwb60DXfUCH9fS1xkx8J5Q4jrkzPWb0O5bZCobpg,0,T1 Panini,FAKER,SOLO,0,289,83,93,17,0,6,4,5,12,Oj5z3KRnvJvKJhmr5Jfs0r1u80AI97o_SKupINcGyVzxeC93,412,LightningKnight,False,100,MIDDLE,38,2339,4,229893,54305,0,48615,0,11870,0,192,335,420,1,0,17443,8312,6086,2,6,6,0,0,24,1,0,14,True
NA1_4922530930,0,1,4,0,0,0,12573,14,777,Yone,0,0,4,744,9926,744,16661,0,5,1,0,0,True,6,2,False,False,False,False,False,False,3,9107,8925,0,MIDDLE,0,0,2,1055,2031,6672,3006,3031,1043,3340,16,0,1,MIDDLE,1425,0,1,593,16507,1191,3447,"{'playerScore0': 0, 'playerScore1': 0, 'playerScore10': 0, 'playerScore11': 0, 'playerScore2': 0, 'playerScore3': 0, 'playerScore4': 0, 'playerScore5': 0, 'playerScore6': 0, 'playerScore7': 0, 'playerScore8': 0, 'playerScore9': 0}",0,8,0,1,0,0,0,2,3,0,"{'statPerks': {'defense': 5001, 'flex': 5008, 'offense': 5005}, 'styles': [{'description': 'primaryStyle', 'selections': [{'perk': 8008, 'var1': 6, 'var2': 0, 'var3': 0}, {'perk': 9111, 'var1': 367, 'var2': 100, 'var3': 0}, {'perk': 9104, 'var1': 20, 'var2': 40, 'var3': 0}, {'perk': 8299, 'var1': 163, 'var2': 0, 'var3': 0}], 'style': 8000}, {'description': 'subStyle', 'selections': [{'perk': 8444, 'var1': 901, 'var2': 0, 'var3': 0}, {'perk': 8242, 'var1': 99, 'var2': 0, 'var3': 0}], 'style': 8400}]}",101009,4388,15108,0,0,0,0,0,0,6473,0,Ry2ICMxuiv2TrVXKop-z8qOvMGjBUnUc0L0p_Xpwb60DXfUCH9fS1xkx8J5Q4jrkzPWb0O5bZCobpg,0,T1 Panini,FAKER,SOLO,0,185,54,50,5,0,3,4,6,14,Oj5z3KRnvJvKJhmr5Jfs0r1u80AI97o_SKupINcGyVzxeC93,412,LightningKnight,False,100,MIDDLE,10,1665,6,123059,7702,0,19652,0,3798,0,167,102,113,1,0,5542,2122,1096,0,1,10,0,0,17,1,0,10,False
NA1_4922507096,0,0,2,0,0,0,8151,11,777,Yone,0,0,4,6438,7223,6438,6000,0,3,1,0,0,True,5,0,False,False,False,True,False,True,6,6916,4775,0,MIDDLE,0,0,0,1055,6672,0,3006,0,0,3340,12,0,0,NONE,295,0,0,510,9823,909,1787,"{'playerScore0': 0, 'playerScore1': 0, 'playerScore10': 0, 'playerScore11': 0, 'playerScore2': 0, 'playerScore3': 0, 'playerScore4': 0, 'playerScore5': 0, 'playerScore6': 0, 'playerScore7': 0, 'playerScore8': 0, 'playerScore9': 0}",0,2,0,0,0,0,0,0,8,0,"{'statPerks': {'defense': 5001, 'flex': 5008, 'offense': 5005}, 'styles': [{'description': 'primaryStyle', 'selections': [{'perk': 8008, 'var1': 0, 'var2': 0, 'var3': 0}, {'perk': 9111, 'var1': 62, 'var2': 40, 'var3': 0}, {'perk': 9104, 'var1': 0, 'var2': 0, 'var3': 0}, {'perk': 8299, 'var1': 223, 'var2': 0, 'var3': 0}], 'style': 8000}, {'description': 'subStyle', 'selections': [{'perk': 8139, 'var1': 379, 'var2': 0, 'var3': 0}, {'perk': 8135, 'var1': 50, 'var2': 1, 'var3': 0}], 'style': 8100}]}",71341,3451,6835,0,0,0,0,0,0,6473,0,Ry2ICMxuiv2TrVXKop-z8qOvMGjBUnUc0L0p_Xpwb60DXfUCH9fS1xkx8J5Q4jrkzPWb0O5bZCobpg,0,T1 Panini,FAKER,SUPPORT,0,154,35,27,4,0,2,4,2,12,Oj5z3KRnvJvKJhmr5Jfs0r1u80AI97o_SKupINcGyVzxeC93,412,LightningKnight,False,200,MIDDLE,6,1000,0,83904,5049,0,9174,2,1323,0,131,98,42,1,0,2739,687,550,2,2,0,0,0,12,1,1,6,True
NA1_4922273781,0,1,1,0,0,0,11963,14,39,Irelia,0,0,3,3368,3672,3368,18495,0,8,0,0,0,True,2,0,False,False,False,False,False,True,5,9915,9660,0,MIDDLE,0,0,0,3091,3153,3133,1036,3111,1029,3340,26,0,2,MIDDLE,0,0,1,373,20743,5145,10667,"{'playerScore0': 0, 'playerScore1': 0, 'playerScore10': 0, 'playerScore11': 0, 'playerScore2': 0, 'playerScore3': 0, 'playerScore4': 0, 'playerScore5': 0, 'playerScore6': 0, 'playerScore7': 0, 'playerScore8': 0, 'playerScore9': 0}",0,4,0,0,0,0,0,4,3,0,"{'statPerks': {'defense': 5001, 'flex': 5008, 'offense': 5005}, 'styles': [{'description': 'primaryStyle', 'selections': [{'perk': 8010, 'var1': 588, 'var2': 0, 'var3': 0}, {'perk': 8009, 'var1': 525, 'var2': 0, 'var3': 0}, {'perk': 9105, 'var1': 23, 'var2': 10, 'var3': 0}, {'perk': 8299, 'var1': 571, 'var2': 0, 'var3': 0}], 'style': 8000}, {'description': 'subStyle', 'selections': [{'perk': 8345, 'var1': 3, 'var2': 0, 'var3': 0}, {'perk': 8347, 'var1': 0, 'var2': 0, 'var3': 0}], 'style': 8300}]}",116749,8490,13132,0,0,0,0,0,0,6473,0,Ry2ICMxuiv2TrVXKop-z8qOvMGjBUnUc0L0p_Xpwb60DXfUCH9fS1xkx8J5Q4jrkzPWb0O5bZCobpg,0,T1 Panini,FAKER,SOLO,0,208,34,38,8,0,3,4,7,14,Oj5z3KRnvJvKJhmr5Jfs0r1u80AI97o_SKupINcGyVzxeC93,412,LightningKnight,False,100,MIDDLE,18,1745,0,139346,15235,0,24122,0,5277,0,195,64,238,1,0,1854,1600,322,1,1,7,0,0,21,0,2,10,False
NA1_4922248263,0,1,12,0,0,0,15184,16,84,Akali,0,0,1,1984,3332,1984,22368,0,8,0,0,0,True,3,0,False,False,False,False,False,False,13,9796,8600,0,MIDDLE,0,0,3,2421,3152,3111,4646,1054,0,3340,20,1,3,MIDDLE,0,3,1,831,100524,21982,10531,"{'playerScore0': 0, 'playerScore1': 0, 'playerScore10': 0, 'playerScore11': 0, 'playerScore2': 0, 'playerScore3': 0, 'playerScore4': 0, 'playerScore5': 0, 'playerScore6': 0, 'playerScore7': 0, 'playerScore8': 0, 'playerScore9': 0}",0,0,0,1,0,0,0,3,3,0,"{'statPerks': {'defense': 5001, 'flex': 5008, 'offense': 5008}, 'styles': [{'description': 'primaryStyle', 'selections': [{'perk': 8021, 'var1': 2296, 'var2': 2557, 'var3': 0}, {'perk': 8009, 'var1': 891, 'var2': 0, 'var3': 0}, {'perk': 9105, 'var1': 15, 'var2': 0, 'var3': 0}, {'perk': 8299, 'var1': 892, 'var2': 0, 'var3': 0}], 'style': 8000}, {'description': 'subStyle', 'selections': [{'perk': 8451, 'var1': 221, 'var2': 0, 'var3': 0}, {'perk': 8444, 'var1': 2022, 'var2': 0, 'var3': 0}], 'style': 8400}]}",11818,2254,22910,0,0,0,0,0,0,6473,0,Ry2ICMxuiv2TrVXKop-z8qOvMGjBUnUc0L0p_Xpwb60DXfUCH9fS1xkx8J5Q4jrkzPWb0O5bZCobpg,0,T1 Panini,FAKER,SOLO,0,176,39,81,28,0,5,4,3,12,Oj5z3KRnvJvKJhmr5Jfs0r1u80AI97o_SKupINcGyVzxeC93,412,LightningKnight,False,100,MIDDLE,3,1922,0,116312,24895,0,39096,0,3173,0,152,84,265,1,0,3969,658,5654,0,0,10,0,0,15,0,0,10,False
NA1_4921858281,0,1,9,0,0,0,14284,15,777,Yone,0,0,1,3119,27267,3119,20371,0,3,0,0,0,True,6,0,False,True,False,False,False,False,2,11856,11750,0,MIDDLE,0,1,0,3031,3091,6672,1053,3006,0,3340,20,2,6,MIDDLE,1425,3,1,616,21022,3884,8211,"{'playerScore0': 0, 'playerScore1': 0, 'playerScore10': 0, 'playerScore11': 0, 'playerScore2': 0, 'playerScore3': 0, 'playerScore4': 0, 'playerScore5': 0, 'playerScore6': 0, 'playerScore7': 0, 'playerScore8': 0, 'playerScore9': 0}",0,18,0,0,0,0,0,9,3,0,"{'statPerks': {'defense': 5001, 'flex': 5008, 'offense': 5005}, 'styles': [{'description': 'primaryStyle', 'selections': [{'perk': 8008, 'var1': 34, 'var2': 3, 'var3': 0}, {'perk': 9111, 'var1': 924, 'var2': 300, 'var3': 0}, {'perk': 9104, 'var1': 12, 'var2': 10, 'var3': 0}, {'perk': 8299, 'var1': 400, 'var2': 0, 'var3': 0}], 'style': 8000}, {'description': 'subStyle', 'selections': [{'perk': 8444, 'var1': 1047, 'var2': 0, 'var3': 0}, {'perk': 8242, 'var1': 133, 'var2': 0, 'var3': 0}], 'style': 8400}]}",128034,12563,12537,0,0,0,0,0,0,6473,0,Ry2ICMxuiv2TrVXKop-z8qOvMGjBUnUc0L0p_Xpwb60DXfUCH9fS1xkx8J5Q4jrkzPWb0O5bZCobpg,0,T1 Panini,FAKER,SOLO,0,252,71,67,8,0,4,4,3,12,Oj5z3KRnvJvKJhmr5Jfs0r1u80AI97o_SKupINcGyVzxeC93,412,LightningKnight,False,100,MIDDLE,12,1662,4,162423,17855,0,21018,0,4133,0,179,130,109,1,0,13365,1406,270,2,3,2,0,0,16,0,3,6,True
NA1_4921799330,1,0,11,0,0,0,17157,17,84,Akali,0,0,2,1067,6881,1067,22043,0,5,1,0,0,True,2,0,False,False,False,False,False,True,4,12999,13595,0,MIDDLE,0,0,1,3157,3152,3020,4646,1058,0,3340,23,3,10,MIDDLE,0,4,1,917,147481,25031,21274,"{'playerScore0': 0, 'playerScore1': 0, 'playerScore10': 0, 'playerScore11': 0, 'playerScore2': 0, 'playerScore3': 0, 'playerScore4': 0, 'playerScore5': 0, 'playerScore6': 0, 'playerScore7': 0, 'playerScore8': 0, 'playerScore9': 0}",0,0,1,0,1,0,0,8,8,0,"{'statPerks': {'defense': 5001, 'flex': 5008, 'offense': 5008}, 'styles': [{'description': 'primaryStyle', 'selections': [{'perk': 8021, 'var1': 2616, 'var2': 3345, 'var3': 0}, {'perk': 8009, 'var1': 930, 'var2': 0, 'var3': 0}, {'perk': 9105, 'var1': 14, 'var2': 30, 'var3': 0}, {'perk': 8299, 'var1': 1219, 'var2': 0, 'var3': 0}], 'style': 8000}, {'description': 'subStyle', 'selections': [{'perk': 8451, 'var1': 229, 'var2': 0, 'var3': 0}, {'perk': 8444, 'var1': 2556, 'var2': 0, 'var3': 0}], 'style': 8400}]}",13592,1208,16329,0,0,0,0,0,0,6473,0,Ry2ICMxuiv2TrVXKop-z8qOvMGjBUnUc0L0p_Xpwb60DXfUCH9fS1xkx8J5Q4jrkzPWb0O5bZCobpg,0,T1 Panini,FAKER,SOLO,0,202,40,110,27,0,4,4,4,12,Oj5z3KRnvJvKJhmr5Jfs0r1u80AI97o_SKupINcGyVzxeC93,411,LightningKnight,False,200,MIDDLE,2,2049,0,164869,26240,0,38259,0,7176,0,196,120,223,1,0,3795,0,655,1,2,5,0,0,25,1,1,11,True
NA1_4921757542,1,0,4,0,0,0,10223,13,84,Akali,0,1,1,4324,5101,4324,13492,0,9,0,0,0,True,5,2,False,False,False,False,False,False,5,8961,8250,0,MIDDLE,0,0,2,2031,3152,1054,3020,4646,3145,3340,17,0,2,MIDDLE,0,0,1,397,73523,9299,3058,"{'playerScore0': 0, 'playerScore1': 0, 'playerScore10': 0, 'playerScore11': 0, 'playerScore2': 0, 'playerScore3': 0, 'playerScore4': 0, 'playerScore5': 0, 'playerScore6': 0, 'playerScore7': 0, 'playerScore8': 0, 'playerScore9': 0}",0,0,0,1,0,0,0,2,8,0,"{'statPerks': {'defense': 5001, 'flex': 5008, 'offense': 5008}, 'styles': [{'description': 'primaryStyle', 'selections': [{'perk': 8021, 'var1': 1643, 'var2': 1906, 'var3': 0}, {'perk': 8009, 'var1': 444, 'var2': 0, 'var3': 0}, {'perk': 9105, 'var1': 18, 'var2': 40, 'var3': 0}, {'perk': 8299, 'var1': 208, 'var2': 0, 'var3': 0}], 'style': 8000}, {'description': 'subStyle', 'selections': [{'perk': 8451, 'var1': 180, 'var2': 0, 'var3': 0}, {'perk': 8444, 'var1': 789, 'var2': 0, 'var3': 0}], 'style': 8400}]}",10408,785,22374,0,0,0,0,0,0,6473,0,Ry2ICMxuiv2TrVXKop-z8qOvMGjBUnUc0L0p_Xpwb60DXfUCH9fS1xkx8J5Q4jrkzPWb0O5bZCobpg,0,T1 Panini,FAKER,SOLO,0,136,26,57,15,0,4,4,3,12,Oj5z3KRnvJvKJhmr5Jfs0r1u80AI97o_SKupINcGyVzxeC93,411,LightningKnight,False,200,MIDDLE,1,1664,0,87977,10141,0,26899,0,1663,0,150,58,262,1,0,4045,56,1466,2,2,9,0,0,16,0,4,7,False
NA1_4921536169,4,0,4,0,0,0,14210,15,84,Akali,0,0,1,666,5106,666,18770,0,10,0,1,1,True,5,0,False,False,False,False,False,False,0,11055,10850,0,TOP,0,0,4,2421,3152,3111,4646,1054,3145,3340,19,2,7,TOP,0,4,2,349,83846,13559,18415,"{'playerScore0': 0, 'playerScore1': 0, 'playerScore10': 0, 'playerScore11': 0, 'playerScore2': 0, 'playerScore3': 0, 'playerScore4': 0, 'playerScore5': 0, 'playerScore6': 0, 'playerScore7': 0, 'playerScore8': 0, 'playerScore9': 0}",0,4,0,1,0,0,0,5,8,0,"{'statPerks': {'defense': 5001, 'flex': 5008, 'offense': 5008}, 'styles': [{'description': 'primaryStyle', 'selections': [{'perk': 8021, 'var1': 1752, 'var2': 2176, 'var3': 0}, {'perk': 8009, 'var1': 573, 'var2': 0, 'var3': 0}, {'perk': 9105, 'var1': 18, 'var2': 0, 'var3': 0}, {'perk': 8299, 'var1': 623, 'var2': 0, 'var3': 0}], 'style': 8000}, {'description': 'subStyle', 'selections': [{'perk': 8451, 'var1': 222, 'var2': 0, 'var3': 0}, {'perk': 8444, 'var1': 1299, 'var2': 0, 'var3': 0}], 'style': 8400}]}",10238,948,15457,0,0,0,0,0,0,6473,0,Ry2ICMxuiv2TrVXKop-z8qOvMGjBUnUc0L0p_Xpwb60DXfUCH9fS1xkx8J5Q4jrkzPWb0O5bZCobpg,0,,,SOLO,0,144,31,70,19,0,4,4,1,12,Oj5z3KRnvJvKJhmr5Jfs0r1u80AI97o_SKupINcGyVzxeC93,411,LightningKnight,False,200,TOP,1,1808,0,103176,14709,0,35813,0,3687,0,141,55,293,1,0,9091,201,1940,0,0,11,0,0,15,0,3,7,False
NA1_4921496399,0,0,8,0,0,3,12315,14,84,Akali,0,0,2,5336,14835,5336,17227,0,5,1,2,0,True,5,1,False,False,False,False,False,False,4,11460,10325,0,MIDDLE,0,0,0,3157,3152,3020,4646,0,0,3340,14,2,9,MIDDLE,0,6,2,948,102363,17597,13339,"{'playerScore0': 0, 'playerScore1': 0, 'playerScore10': 0, 'playerScore11': 0, 'playerScore2': 0, 'playerScore3': 0, 'playerScore4': 0, 'playerScore5': 0, 'playerScore6': 0, 'playerScore7': 0, 'playerScore8': 0, 'playerScore9': 0}",0,0,0,0,1,0,0,4,3,0,"{'statPerks': {'defense': 5001, 'flex': 5008, 'offense': 5008}, 'styles': [{'description': 'primaryStyle', 'selections': [{'perk': 8021, 'var1': 2448, 'var2': 3028, 'var3': 0}, {'perk': 8009, 'var1': 708, 'var2': 0, 'var3': 0}, {'perk': 9105, 'var1': 11, 'var2': 40, 'var3': 0}, {'perk': 8299, 'var1': 960, 'var2': 0, 'var3': 0}], 'style': 8000}, {'description': 'subStyle', 'selections': [{'perk': 8451, 'var1': 172, 'var2': 0, 'var3': 0}, {'perk': 8444, 'var1': 1398, 'var2': 0, 'var3': 0}], 'style': 8400}]}",13104,1096,15198,0,0,0,0,0,0,6473,0,Ry2ICMxuiv2TrVXKop-z8qOvMGjBUnUc0L0p_Xpwb60DXfUCH9fS1xkx8J5Q4jrkzPWb0O5bZCobpg,0,T1 Panini,FAKER,SOLO,0,146,28,69,21,0,4,4,3,12,Oj5z3KRnvJvKJhmr5Jfs0r1u80AI97o_SKupINcGyVzxeC93,411,LightningKnight,False,100,MIDDLE,2,1747,0,130472,18833,0,28841,0,4236,0,165,98,199,1,0,15004,140,303,1,2,3,0,0,29,1,1,9,True
NA1_4921469134,0,0,6,0,0,0,15575,16,84,Akali,0,0,1,3832,7225,3832,17509,0,6,0,0,0,True,9,0,False,True,False,False,False,False,20,12043,11310,0,MIDDLE,0,1,0,3157,3152,2031,4646,1026,3020,3340,19,1,5,MIDDLE,0,3,1,485,115558,19469,11326,"{'playerScore0': 0, 'playerScore1': 0, 'playerScore10': 0, 'playerScore11': 0, 'playerScore2': 0, 'playerScore3': 0, 'playerScore4': 0, 'playerScore5': 0, 'playerScore6': 0, 'playerScore7': 0, 'playerScore8': 0, 'playerScore9': 0}",0,0,0,0,1,0,0,3,3,0,"{'statPerks': {'defense': 5001, 'flex': 5008, 'offense': 5008}, 'styles': [{'description': 'primaryStyle', 'selections': [{'perk': 8021, 'var1': 1867, 'var2': 2723, 'var3': 0}, {'perk': 8009, 'var1': 598, 'var2': 0, 'var3': 0}, {'perk': 9105, 'var1': 13, 'var2': 0, 'var3': 0}, {'perk': 8299, 'var1': 475, 'var2': 0, 'var3': 0}], 'style': 8000}, {'description': 'subStyle', 'selections': [{'perk': 8451, 'var1': 229, 'var2': 0, 'var3': 0}, {'perk': 8444, 'var1': 937, 'var2': 0, 'var3': 0}], 'style': 8400}]}",15517,1550,15463,0,0,0,0,0,0,6473,0,Ry2ICMxuiv2TrVXKop-z8qOvMGjBUnUc0L0p_Xpwb60DXfUCH9fS1xkx8J5Q4jrkzPWb0O5bZCobpg,0,T1 Panini,FAKER,SOLO,0,175,37,85,24,0,3,4,4,12,Oj5z3KRnvJvKJhmr5Jfs0r1u80AI97o_SKupINcGyVzxeC93,411,LightningKnight,False,100,MIDDLE,3,1943,0,133831,21341,0,27575,0,2444,0,200,131,235,1,0,2755,322,784,0,2,5,0,0,16,0,1,8,True
NA1_4920741708,0,6,11,0,0,0,19284,18,84,Akali,0,0,1,3276,17889,3276,34378,0,9,0,1,1,True,5,0,False,False,False,False,False,True,6,15502,15400,0,MIDDLE,0,0,0,3157,3152,3020,4646,4645,4632,3340,24,2,11,MIDDLE,0,5,2,477,130647,33333,19110,"{'playerScore0': 0, 'playerScore1': 0, 'playerScore10': 0, 'playerScore11': 0, 'playerScore2': 0, 'playerScore3': 0, 'playerScore4': 0, 'playerScore5': 0, 'playerScore6': 0, 'playerScore7': 0, 'playerScore8': 0, 'playerScore9': 0}",0,4,0,0,0,0,0,8,3,0,"{'statPerks': {'defense': 5001, 'flex': 5008, 'offense': 5008}, 'styles': [{'description': 'primaryStyle', 'selections': [{'perk': 8021, 'var1': 4598, 'var2': 4917, 'var3': 0}, {'perk': 8009, 'var1': 1034, 'var2': 0, 'var3': 0}, {'perk': 9105, 'var1': 12, 'var2': 40, 'var3': 0}, {'perk': 8299, 'var1': 1191, 'var2': 0, 'var3': 0}], 'style': 8000}, {'description': 'subStyle', 'selections': [{'perk': 8451, 'var1': 241, 'var2': 0, 'var3': 0}, {'perk': 8444, 'var1': 1948, 'var2': 0, 'var3': 0}], 'style': 8400}]}",16853,2454,25629,0,0,0,0,0,0,6473,0,Ry2ICMxuiv2TrVXKop-z8qOvMGjBUnUc0L0p_Xpwb60DXfUCH9fS1xkx8J5Q4jrkzPWb0O5bZCobpg,0,T1 Panini,FAKER,SOLO,0,200,48,118,31,0,4,4,3,12,Oj5z3KRnvJvKJhmr5Jfs0r1u80AI97o_SKupINcGyVzxeC93,411,LightningKnight,False,100,MIDDLE,4,2321,0,150993,37523,0,45835,0,10216,0,179,92,303,1,0,3492,1735,1096,1,3,4,0,0,26,0,6,12,True
NA1_4920705040,0,0,3,0,0,0,11611,14,910,Hwei,0,0,2,7063,13467,7063,7874,0,6,0,0,0,True,5,0,False,False,False,False,False,False,2,9631,8710,0,MIDDLE,0,0,2,4646,2031,3020,6655,3145,0,3340,17,0,2,MIDDLE,0,0,1,757,99057,8469,9926,"{'playerScore0': 0, 'playerScore1': 0, 'playerScore10': 0, 'playerScore11': 0, 'playerScore2': 0, 'playerScore3': 0, 'playerScore4': 0, 'playerScore5': 0, 'playerScore6': 0, 'playerScore7': 0, 'playerScore8': 0, 'playerScore9': 0}",0,0,0,1,0,0,0,0,3,0,"{'statPerks': {'defense': 5001, 'flex': 5008, 'offense': 5005}, 'styles': [{'description': 'primaryStyle', 'selections': [{'perk': 8229, 'var1': 1047, 'var2': 0, 'var3': 0}, {'perk': 8226, 'var1': 250, 'var2': 491, 'var3': 0}, {'perk': 8233, 'var1': 20, 'var2': 0, 'var3': 0}, {'perk': 8237, 'var1': 457, 'var2': 0, 'var3': 0}], 'style': 8200}, {'description': 'subStyle', 'selections': [{'perk': 8345, 'var1': 3, 'var2': 0, 'var3': 0}, {'perk': 8347, 'var1': 0, 'var2': 0, 'var3': 0}], 'style': 8300}]}",13964,649,5848,0,0,0,0,0,0,6473,0,Ry2ICMxuiv2TrVXKop-z8qOvMGjBUnUc0L0p_Xpwb60DXfUCH9fS1xkx8J5Q4jrkzPWb0O5bZCobpg,0,T1 Panini,FAKER,SOLO,0,95,29,56,6,0,3,4,4,12,Oj5z3KRnvJvKJhmr5Jfs0r1u80AI97o_SKupINcGyVzxeC93,410,LightningKnight,False,100,MIDDLE,15,1708,0,121199,9118,390,16782,0,831,0,193,670,156,1,0,8177,0,1007,2,2,10,0,0,12,0,1,7,False
NA1_4920646511,0,0,16,0,0,0,14999,16,910,Hwei,0,0,2,2990,8236,2990,12507,0,12,0,0,0,True,0,2,False,True,False,False,False,False,4,11998,12200,0,MIDDLE,1,1,1,4645,6655,3020,4646,0,0,3340,24,1,9,MIDDLE,0,4,1,278,89415,21170,8202,"{'playerScore0': 0, 'playerScore1': 0, 'playerScore10': 0, 'playerScore11': 0, 'playerScore2': 0, 'playerScore3': 0, 'playerScore4': 0, 'playerScore5': 0, 'playerScore6': 0, 'playerScore7': 0, 'playerScore8': 0, 'playerScore9': 0}",0,1,0,0,0,0,0,8,8,0,"{'statPerks': {'defense': 5001, 'flex': 5008, 'offense': 5005}, 'styles': [{'description': 'primaryStyle', 'selections': [{'perk': 8229, 'var1': 1463, 'var2': 0, 'var3': 0}, {'perk': 8226, 'var1': 250, 'var2': 977, 'var3': 0}, {'perk': 8233, 'var1': 17, 'var2': 10, 'var3': 0}, {'perk': 8237, 'var1': 742, 'var2': 0, 'var3': 0}], 'style': 8200}, {'description': 'subStyle', 'selections': [{'perk': 8345, 'var1': 3, 'var2': 0, 'var3': 0}, {'perk': 8347, 'var1': 0, 'var2': 0, 'var3': 0}], 'style': 8300}]}",15311,2131,18481,0,0,0,0,0,0,6473,0,Ry2ICMxuiv2TrVXKop-z8qOvMGjBUnUc0L0p_Xpwb60DXfUCH9fS1xkx8J5Q4jrkzPWb0O5bZCobpg,0,T1 Panini,FAKER,DUO,0,100,37,65,10,0,5,4,3,12,Oj5z3KRnvJvKJhmr5Jfs0r1u80AI97o_SKupINcGyVzxeC93,410,LightningKnight,False,200,MIDDLE,27,1934,1,111008,23423,588,27641,0,1730,0,139,498,354,1,0,6281,121,956,1,2,7,0,0,19,0,2,10,True
NA1_4920608233,0,2,4,0,0,1,16479,16,777,Yone,0,0,2,1300,6507,1300,25360,0,7,0,0,0,True,9,0,False,False,False,False,False,False,8,11771,11325,0,MIDDLE,0,0,2,3153,3031,6672,3006,0,0,3340,23,1,5,MIDDLE,487,2,1,760,23428,4176,18813,"{'playerScore0': 0, 'playerScore1': 0, 'playerScore10': 0, 'playerScore11': 0, 'playerScore2': 0, 'playerScore3': 0, 'playerScore4': 0, 'playerScore5': 0, 'playerScore6': 0, 'playerScore7': 0, 'playerScore8': 0, 'playerScore9': 0}",0,0,0,1,0,0,0,5,3,0,"{'statPerks': {'defense': 5001, 'flex': 5008, 'offense': 5005}, 'styles': [{'description': 'primaryStyle', 'selections': [{'perk': 8008, 'var1': 18, 'var2': 0, 'var3': 0}, {'perk': 9111, 'var1': 827, 'var2': 180, 'var3': 0}, {'perk': 9104, 'var1': 24, 'var2': 50, 'var3': 0}, {'perk': 8299, 'var1': 758, 'var2': 0, 'var3': 0}], 'style': 8000}, {'description': 'subStyle', 'selections': [{'perk': 8444, 'var1': 1564, 'var2': 0, 'var3': 0}, {'perk': 8242, 'var1': 135, 'var2': 0, 'var3': 0}], 'style': 8400}]}",134227,12247,12121,0,0,0,0,0,0,6473,0,Ry2ICMxuiv2TrVXKop-z8qOvMGjBUnUc0L0p_Xpwb60DXfUCH9fS1xkx8J5Q4jrkzPWb0O5bZCobpg,0,T1 Panini,FAKER,CARRY,0,253,60,53,11,0,3,4,4,12,Oj5z3KRnvJvKJhmr5Jfs0r1u80AI97o_SKupINcGyVzxeC93,410,LightningKnight,False,100,MIDDLE,22,2070,0,162157,19448,0,31270,0,2774,0,207,191,262,1,0,4501,3024,335,1,1,9,0,0,20,1,1,11,False
NA1_4920104394,3,3,5,0,0,0,13827,15,84,Akali,0,0,1,418,418,418,20975,0,8,0,1,0,True,4,0,False,False,False,False,False,False,5,10705,10400,0,MIDDLE,0,0,3,3157,3152,2031,1054,4646,3111,3340,18,3,9,MIDDLE,0,3,2,479,108814,20789,14546,"{'playerScore0': 0, 'playerScore1': 0, 'playerScore10': 0, 'playerScore11': 0, 'playerScore2': 0, 'playerScore3': 0, 'playerScore4': 0, 'playerScore5': 0, 'playerScore6': 0, 'playerScore7': 0, 'playerScore8': 0, 'playerScore9': 0}",0,0,0,1,0,0,0,4,7,0,"{'statPerks': {'defense': 5001, 'flex': 5008, 'offense': 5008}, 'styles': [{'description': 'primaryStyle', 'selections': [{'perk': 8021, 'var1': 2070, 'var2': 2848, 'var3': 0}, {'perk': 8009, 'var1': 714, 'var2': 0, 'var3': 0}, {'perk': 9105, 'var1': 16, 'var2': 0, 'var3': 0}, {'perk': 8299, 'var1': 622, 'var2': 0, 'var3': 0}], 'style': 8000}, {'description': 'subStyle', 'selections': [{'perk': 8451, 'var1': 237, 'var2': 0, 'var3': 0}, {'perk': 8444, 'var1': 1289, 'var2': 0, 'var3': 0}], 'style': 8400}]}",12092,1701,16143,0,0,0,0,0,0,6473,0,Ry2ICMxuiv2TrVXKop-z8qOvMGjBUnUc0L0p_Xpwb60DXfUCH9fS1xkx8J5Q4jrkzPWb0O5bZCobpg,0,T1 Panini,FAKER,SOLO,0,167,34,80,18,0,3,4,2,12,Oj5z3KRnvJvKJhmr5Jfs0r1u80AI97o_SKupINcGyVzxeC93,410,LightningKnight,False,200,MIDDLE,1,1597,0,120906,22490,0,32131,0,3669,0,153,63,185,1,0,0,0,1441,0,0,11,0,0,9,0,0,6,False
NA1_4920072692,0,1,5,0,0,0,11482,14,61,Orianna,0,0,2,802,802,802,8662,0,8,0,0,0,True,7,2,False,False,False,False,False,False,13,9102,8650,0,MIDDLE,0,0,3,1056,2031,6655,3020,4646,3145,3340,19,0,2,MIDDLE,0,0,1,509,81222,10091,11161,"{'playerScore0': 0, 'playerScore1': 0, 'playerScore10': 0, 'playerScore11': 0, 'playerScore2': 0, 'playerScore3': 0, 'playerScore4': 0, 'playerScore5': 0, 'playerScore6': 0, 'playerScore7': 0, 'playerScore8': 0, 'playerScore9': 0}",0,0,0,1,0,0,0,2,8,0,"{'statPerks': {'defense': 5001, 'flex': 5008, 'offense': 5005}, 'styles': [{'description': 'primaryStyle', 'selections': [{'perk': 8214, 'var1': 757, 'var2': 174, 'var3': 0}, {'perk': 8226, 'var1': 250, 'var2': 456, 'var3': 0}, {'perk': 8233, 'var1': 18, 'var2': 0, 'var3': 0}, {'perk': 8237, 'var1': 394, 'var2': 0, 'var3': 0}], 'style': 8200}, {'description': 'subStyle', 'selections': [{'perk': 8345, 'var1': 3, 'var2': 0, 'var3': 0}, {'perk': 8347, 'var1': 0, 'var2': 0, 'var3': 0}], 'style': 8300}]}",9308,392,7605,0,0,0,0,0,0,6473,0,Ry2ICMxuiv2TrVXKop-z8qOvMGjBUnUc0L0p_Xpwb60DXfUCH9fS1xkx8J5Q4jrkzPWb0O5bZCobpg,0,T1 Panini,FAKER,SOLO,0,82,73,51,7,0,4,4,1,12,Oj5z3KRnvJvKJhmr5Jfs0r1u80AI97o_SKupINcGyVzxeC93,410,LightningKnight,False,200,MIDDLE,13,1595,0,95316,10484,546,18873,0,218,0,166,155,229,1,0,4786,0,106,0,0,11,0,0,12,0,0,8,False
NA1_4920053113,0,0,3,0,0,0,7391,11,84,Akali,0,0,2,438,1495,438,6455,0,3,1,0,0,True,10,1,False,False,False,False,False,True,5,5311,4325,0,MIDDLE,0,0,0,1054,3152,2031,3020,0,0,3340,10,0,0,NONE,0,0,0,695,44740,7459,8605,"{'playerScore0': 0, 'playerScore1': 0, 'playerScore10': 0, 'playerScore11': 0, 'playerScore2': 0, 'playerScore3': 0, 'playerScore4': 0, 'playerScore5': 0, 'playerScore6': 0, 'playerScore7': 0, 'playerScore8': 0, 'playerScore9': 0}",1,0,0,0,0,0,0,5,3,0,"{'statPerks': {'defense': 5001, 'flex': 5008, 'offense': 5008}, 'styles': [{'description': 'primaryStyle', 'selections': [{'perk': 8021, 'var1': 1039, 'var2': 1341, 'var3': 0}, {'perk': 8009, 'var1': 192, 'var2': 0, 'var3': 0}, {'perk': 9105, 'var1': 0, 'var2': 0, 'var3': 0}, {'perk': 8299, 'var1': 320, 'var2': 0, 'var3': 0}], 'style': 8000}, {'description': 'subStyle', 'selections': [{'perk': 8451, 'var1': 143, 'var2': 0, 'var3': 0}, {'perk': 8444, 'var1': 593, 'var2': 0, 'var3': 0}], 'style': 8400}]}",9103,881,4610,0,0,0,0,0,0,6473,0,Ry2ICMxuiv2TrVXKop-z8qOvMGjBUnUc0L0p_Xpwb60DXfUCH9fS1xkx8J5Q4jrkzPWb0O5bZCobpg,0,T1 Panini,FAKER,SUPPORT,0,89,20,33,9,0,1,4,2,12,Oj5z3KRnvJvKJhmr5Jfs0r1u80AI97o_SKupINcGyVzxeC93,410,LightningKnight,False,100,MIDDLE,0,990,0,57538,8341,0,13443,0,1082,0,118,47,58,1,0,3695,0,227,0,0,3,0,0,9,1,0,6,False
NA1_4919534076,0,1,5,0,0,1,12293,14,84,Akali,0,0,2,5222,11313,5222,12613,0,2,1,4,0,True,10,0,False,False,False,True,False,True,4,11221,10825,0,MIDDLE,0,0,0,3157,3152,2031,3020,1082,4646,3340,13,2,10,MIDDLE,0,5,2,1029,90148,16781,8408,"{'playerScore0': 0, 'playerScore1': 0, 'playerScore10': 0, 'playerScore11': 0, 'playerScore2': 0, 'playerScore3': 0, 'playerScore4': 0, 'playerScore5': 0, 'playerScore6': 0, 'playerScore7': 0, 'playerScore8': 0, 'playerScore9': 0}",0,0,0,0,0,0,0,13,8,0,"{'statPerks': {'defense': 5001, 'flex': 5008, 'offense': 5008}, 'styles': [{'description': 'primaryStyle', 'selections': [{'perk': 8021, 'var1': 2487, 'var2': 2966, 'var3': 0}, {'perk': 8009, 'var1': 746, 'var2': 0, 'var3': 0}, {'perk': 9105, 'var1': 15, 'var2': 0, 'var3': 0}, {'perk': 8299, 'var1': 621, 'var2': 0, 'var3': 0}], 'style': 8000}, {'description': 'subStyle', 'selections': [{'perk': 8451, 'var1': 168, 'var2': 0, 'var3': 0}, {'perk': 8444, 'var1': 1323, 'var2': 0, 'var3': 0}], 'style': 8400}]}",13581,1338,11534,0,0,0,0,0,0,6473,2,Ry2ICMxuiv2TrVXKop-z8qOvMGjBUnUc0L0p_Xpwb60DXfUCH9fS1xkx8J5Q4jrkzPWb0O5bZCobpg,0,T1 Panini,FAKER,SOLO,0,138,32,64,15,0,4,4,1,12,Oj5z3KRnvJvKJhmr5Jfs0r1u80AI97o_SKupINcGyVzxeC93,410,LightningKnight,False,200,MIDDLE,1,1386,0,106784,18914,0,20256,0,3627,0,165,65,77,1,0,3054,794,313,1,2,1,0,0,16,1,3,9,True
NA1_4918982662,0,5,4,0,0,0,24673,18,777,Yone,0,0,6,8308,23002,8308,56713,0,5,1,1,0,True,7,0,False,False,False,False,False,False,1,20798,17825,0,TOP,1,1,0,3091,3153,6673,3006,3031,6333,3340,25,2,12,TOP,1039,6,2,902,61600,6080,15754,"{'playerScore0': 0, 'playerScore1': 0, 'playerScore10': 0, 'playerScore11': 0, 'playerScore2': 0, 'playerScore3': 0, 'playerScore4': 0, 'playerScore5': 0, 'playerScore6': 0, 'playerScore7': 0, 'playerScore8': 0, 'playerScore9': 0}",1,24,1,0,1,0,0,8,2,0,"{'statPerks': {'defense': 5001, 'flex': 5008, 'offense': 5005}, 'styles': [{'description': 'primaryStyle', 'selections': [{'perk': 8008, 'var1': 12, 'var2': 0, 'var3': 0}, {'perk': 9111, 'var1': 1317, 'var2': 320, 'var3': 0}, {'perk': 9104, 'var1': 18, 'var2': 30, 'var3': 0}, {'perk': 8299, 'var1': 912, 'var2': 0, 'var3': 0}], 'style': 8000}, {'description': 'subStyle', 'selections': [{'perk': 8444, 'var1': 1899, 'var2': 0, 'var3': 0}, {'perk': 8242, 'var1': 167, 'var2': 0, 'var3': 0}], 'style': 8400}]}",279583,17056,28370,0,0,0,0,0,0,6473,0,Ry2ICMxuiv2TrVXKop-z8qOvMGjBUnUc0L0p_Xpwb60DXfUCH9fS1xkx8J5Q4jrkzPWb0O5bZCobpg,0,T1 Panini,FAKER,SOLO,0,343,94,66,11,0,6,4,5,12,Oj5z3KRnvJvKJhmr5Jfs0r1u80AI97o_SKupINcGyVzxeC93,409,LightningKnight,False,100,TOP,22,2644,11,353676,26750,0,46621,0,15637,0,316,335,235,1,0,12493,3613,2495,5,6,7,0,0,31,1,1,17,True
NA1_4918550147,0,1,8,1,0,8,14170,15,84,Akali,0,0,3,5359,10797,5359,8618,0,0,1,0,0,True,0,0,False,False,False,False,False,False,3,11614,9100,0,MIDDLE,1,2,0,2420,3152,4646,0,3020,1082,3364,16,1,8,MIDDLE,0,8,1,0,109119,19206,3491,"{'playerScore0': 0, 'playerScore1': 0, 'playerScore10': 0, 'playerScore11': 0, 'playerScore2': 0, 'playerScore3': 0, 'playerScore4': 0, 'playerScore5': 0, 'playerScore6': 0, 'playerScore7': 0, 'playerScore8': 0, 'playerScore9': 0}",0,4,0,0,1,0,0,5,8,0,"{'statPerks': {'defense': 5001, 'flex': 5008, 'offense': 5008}, 'styles': [{'description': 'primaryStyle', 'selections': [{'perk': 8021, 'var1': 2921, 'var2': 3749, 'var3': 0}, {'perk': 8009, 'var1': 903, 'var2': 0, 'var3': 0}, {'perk': 9105, 'var1': 13, 'var2': 30, 'var3': 0}, {'perk': 8299, 'var1': 196, 'var2': 0, 'var3': 0}], 'style': 8000}, {'description': 'subStyle', 'selections': [{'perk': 8451, 'var1': 204, 'var2': 0, 'var3': 0}, {'perk': 8444, 'var1': 790, 'var2': 0, 'var3': 0}], 'style': 8400}]}",14087,1393,10652,0,0,0,0,0,0,6473,0,Ry2ICMxuiv2TrVXKop-z8qOvMGjBUnUc0L0p_Xpwb60DXfUCH9fS1xkx8J5Q4jrkzPWb0O5bZCobpg,0,T1 Panini,FAKER,SOLO,0,163,32,64,16,0,2,4,2,12,Oj5z3KRnvJvKJhmr5Jfs0r1u80AI97o_SKupINcGyVzxeC93,409,LightningKnight,False,200,MIDDLE,3,1408,0,125272,20848,0,14644,0,4196,0,194,74,0,1,0,2065,248,500,3,4,2,0,0,13,2,0,4,True
NA1_4918451655,1,0,3,0,0,0,10724,13,39,Irelia,0,0,2,514,514,514,14977,0,7,1,0,0,True,2,0,False,False,False,False,False,True,1,7639,7405,0,MIDDLE,0,0,1,1054,3153,1057,3111,1043,1042,3340,21,0,1,MIDDLE,0,0,1,510,11877,3229,14284,"{'playerScore0': 0, 'playerScore1': 0, 'playerScore10': 0, 'playerScore11': 0, 'playerScore2': 0, 'playerScore3': 0, 'playerScore4': 0, 'playerScore5': 0, 'playerScore6': 0, 'playerScore7': 0, 'playerScore8': 0, 'playerScore9': 0}",0,0,0,0,0,0,0,5,3,0,"{'statPerks': {'defense': 5001, 'flex': 5008, 'offense': 5005}, 'styles': [{'description': 'primaryStyle', 'selections': [{'perk': 8010, 'var1': 98, 'var2': 0, 'var3': 0}, {'perk': 8009, 'var1': 752, 'var2': 0, 'var3': 0}, {'perk': 9104, 'var1': 23, 'var2': 40, 'var3': 0}, {'perk': 8299, 'var1': 255, 'var2': 0, 'var3': 0}], 'style': 8000}, {'description': 'subStyle', 'selections': [{'perk': 8345, 'var1': 3, 'var2': 0, 'var3': 0}, {'perk': 8347, 'var1': 0, 'var2': 0, 'var3': 0}], 'style': 8300}]}",89570,6161,6069,0,0,0,0,0,0,6473,0,Ry2ICMxuiv2TrVXKop-z8qOvMGjBUnUc0L0p_Xpwb60DXfUCH9fS1xkx8J5Q4jrkzPWb0O5bZCobpg,0,T1 Panini,FAKER,SOLO,0,186,32,42,10,0,3,4,3,12,Oj5z3KRnvJvKJhmr5Jfs0r1u80AI97o_SKupINcGyVzxeC93,409,LightningKnight,False,100,MIDDLE,10,1451,0,102988,9390,0,20795,0,4672,0,173,43,154,1,0,1540,0,441,0,0,7,0,0,17,1,3,9,False
NA1_4918415359,0,1,7,0,0,0,14001,15,84,Akali,0,0,3,966,5226,966,19949,0,6,0,0,0,True,6,0,False,False,False,False,False,False,13,12399,12530,0,MIDDLE,0,0,1,3157,3152,3020,1082,4646,3145,3340,25,2,6,MIDDLE,0,3,1,658,118348,24395,25393,"{'playerScore0': 0, 'playerScore1': 0, 'playerScore10': 0, 'playerScore11': 0, 'playerScore2': 0, 'playerScore3': 0, 'playerScore4': 0, 'playerScore5': 0, 'playerScore6': 0, 'playerScore7': 0, 'playerScore8': 0, 'playerScore9': 0}",1,0,0,1,0,0,0,16,3,0,"{'statPerks': {'defense': 5001, 'flex': 5008, 'offense': 5008}, 'styles': [{'description': 'primaryStyle', 'selections': [{'perk': 8021, 'var1': 1899, 'var2': 2562, 'var3': 0}, {'perk': 8009, 'var1': 760, 'var2': 0, 'var3': 0}, {'perk': 9105, 'var1': 19, 'var2': 50, 'var3': 0}, {'perk': 8299, 'var1': 708, 'var2': 0, 'var3': 0}], 'style': 8000}, {'description': 'subStyle', 'selections': [{'perk': 8451, 'var1': 220, 'var2': 0, 'var3': 0}, {'perk': 8444, 'var1': 1963, 'var2': 0, 'var3': 0}], 'style': 8400}]}",12155,1265,12218,0,0,0,0,0,0,6473,0,Ry2ICMxuiv2TrVXKop-z8qOvMGjBUnUc0L0p_Xpwb60DXfUCH9fS1xkx8J5Q4jrkzPWb0O5bZCobpg,0,T1 Panini,FAKER,SOLO,0,170,43,74,21,0,5,4,2,12,Oj5z3KRnvJvKJhmr5Jfs0r1u80AI97o_SKupINcGyVzxeC93,409,LightningKnight,False,100,MIDDLE,3,2090,0,134290,25710,0,39588,0,6929,0,181,77,145,1,0,3787,50,1976,2,2,9,0,0,19,0,1,11,False
NA1_4918377375,0,10,14,0,0,0,17073,17,910,Hwei,0,0,2,3959,6754,3959,18299,0,12,0,0,0,True,7,0,False,False,True,False,False,False,6,12301,11900,0,MIDDLE,0,0,1,3157,6655,4646,3020,3145,0,3340,22,0,3,MIDDLE,0,0,1,347,132659,25918,18028,"{'playerScore0': 0, 'playerScore1': 0, 'playerScore10': 0, 'playerScore11': 0, 'playerScore2': 0, 'playerScore3': 0, 'playerScore4': 0, 'playerScore5': 0, 'playerScore6': 0, 'playerScore7': 0, 'playerScore8': 0, 'playerScore9': 0}",0,0,0,1,0,0,0,26,3,0,"{'statPerks': {'defense': 5001, 'flex': 5008, 'offense': 5005}, 'styles': [{'description': 'primaryStyle', 'selections': [{'perk': 8229, 'var1': 2017, 'var2': 0, 'var3': 0}, {'perk': 8226, 'var1': 250, 'var2': 1582, 'var3': 0}, {'perk': 8233, 'var1': 23, 'var2': 0, 'var3': 0}, {'perk': 8237, 'var1': 664, 'var2': 0, 'var3': 0}], 'style': 8200}, {'description': 'subStyle', 'selections': [{'perk': 8345, 'var1': 3, 'var2': 0, 'var3': 0}, {'perk': 8347, 'var1': 0, 'var2': 0, 'var3': 0}], 'style': 8300}]}",17043,1145,14941,0,0,0,0,0,0,6473,0,Ry2ICMxuiv2TrVXKop-z8qOvMGjBUnUc0L0p_Xpwb60DXfUCH9fS1xkx8J5Q4jrkzPWb0O5bZCobpg,0,T1 Panini,FAKER,SOLO,0,124,51,70,11,0,7,4,5,12,Oj5z3KRnvJvKJhmr5Jfs0r1u80AI97o_SKupINcGyVzxeC93,409,LightningKnight,False,100,MIDDLE,32,2443,0,153264,27216,896,33678,0,3635,0,197,829,485,1,0,3560,152,708,0,1,8,0,0,19,0,0,14,False
NA1_4917942621,1,0,8,0,0,0,14226,15,84,Akali,0,0,2,8554,15840,8554,13569,0,3,1,0,0,True,8,0,False,False,False,False,False,False,0,12088,11605,0,MIDDLE,1,1,0,3157,3152,3020,4646,4630,1054,3340,18,2,6,MIDDLE,0,4,1,875,124495,19282,11133,"{'playerScore0': 0, 'playerScore1': 0, 'playerScore10': 0, 'playerScore11': 0, 'playerScore2': 0, 'playerScore3': 0, 'playerScore4': 0, 'playerScore5': 0, 'playerScore6': 0, 'playerScore7': 0, 'playerScore8': 0, 'playerScore9': 0}",0,0,0,0,0,0,0,7,3,0,"{'statPerks': {'defense': 5001, 'flex': 5008, 'offense': 5008}, 'styles': [{'description': 'primaryStyle', 'selections': [{'perk': 8021, 'var1': 2617, 'var2': 3461, 'var3': 0}, {'perk': 8009, 'var1': 631, 'var2': 0, 'var3': 0}, {'perk': 9105, 'var1': 14, 'var2': 30, 'var3': 0}, {'perk': 8299, 'var1': 584, 'var2': 0, 'var3': 0}], 'style': 8000}, {'description': 'subStyle', 'selections': [{'perk': 8451, 'var1': 200, 'var2': 0, 'var3': 0}, {'perk': 8444, 'var1': 1179, 'var2': 0, 'var3': 0}], 'style': 8400}]}",13485,1411,11616,0,0,0,0,0,0,6473,0,Ry2ICMxuiv2TrVXKop-z8qOvMGjBUnUc0L0p_Xpwb60DXfUCH9fS1xkx8J5Q4jrkzPWb0O5bZCobpg,0,T1 Panini,FAKER,SOLO,0,174,35,74,18,0,3,4,3,12,Oj5z3KRnvJvKJhmr5Jfs0r1u80AI97o_SKupINcGyVzxeC93,408,LightningKnight,False,100,MIDDLE,2,1681,0,141768,20837,0,24872,0,5435,0,193,81,68,1,0,3788,144,2122,4,6,3,0,0,16,1,1,11,True
NA1_4917908705,0,0,3,0,0,0,7857,11,517,Sylas,0,0,3,0,0,0,10604,0,9,0,0,0,True,3,0,False,False,False,False,False,False,1,5008,4700,0,MIDDLE,0,0,2,1056,2031,4646,1001,1052,1052,3340,15,0,0,MIDDLE,0,0,0,258,41835,5774,10010,"{'playerScore0': 0, 'playerScore1': 0, 'playerScore10': 0, 'playerScore11': 0, 'playerScore2': 0, 'playerScore3': 0, 'playerScore4': 0, 'playerScore5': 0, 'playerScore6': 0, 'playerScore7': 0, 'playerScore8': 0, 'playerScore9': 0}",0,0,0,1,0,0,0,2,3,0,"{'statPerks': {'defense': 5001, 'flex': 5008, 'offense': 5008}, 'styles': [{'description': 'primaryStyle', 'selections': [{'perk': 8112, 'var1': 470, 'var2': 0, 'var3': 0}, {'perk': 8143, 'var1': 328, 'var2': 0, 'var3': 0}, {'perk': 8138, 'var1': 6, 'var2': 0, 'var3': 0}, {'perk': 8105, 'var1': 8, 'var2': 3, 'var3': 0}], 'style': 8100}, {'description': 'subStyle', 'selections': [{'perk': 8237, 'var1': 264, 'var2': 0, 'var3': 0}, {'perk': 8210, 'var1': 0, 'var2': 0, 'var3': 0}], 'style': 8200}]}",4213,115,10105,0,0,0,0,0,0,6473,0,Ry2ICMxuiv2TrVXKop-z8qOvMGjBUnUc0L0p_Xpwb60DXfUCH9fS1xkx8J5Q4jrkzPWb0O5bZCobpg,0,T1 Panini,FAKER,SOLO,0,43,30,75,11,0,2,4,1,12,Oj5z3KRnvJvKJhmr5Jfs0r1u80AI97o_SKupINcGyVzxeC93,408,LightningKnight,False,100,MIDDLE,8,1207,0,46048,5889,0,21047,0,1794,0,94,153,206,1,0,0,0,932,0,0,10,0,0,7,0,0,5,False
NA1_4917866397,0,0,2,0,0,0,14013,15,84,Akali,0,0,2,509,859,509,15273,0,11,1,1,0,True,9,1,False,False,False,False,False,False,7,10950,9925,0,MIDDLE,0,0,2,2420,3152,4646,3020,3145,0,3340,21,2,8,MIDDLE,0,2,2,290,102153,22463,18682,"{'playerScore0': 0, 'playerScore1': 0, 'playerScore10': 0, 'playerScore11': 0, 'playerScore2': 0, 'playerScore3': 0, 'playerScore4': 0, 'playerScore5': 0, 'playerScore6': 0, 'playerScore7': 0, 'playerScore8': 0, 'playerScore9': 0}",0,0,0,1,0,0,0,10,3,0,"{'statPerks': {'defense': 5001, 'flex': 5008, 'offense': 5008}, 'styles': [{'description': 'primaryStyle', 'selections': [{'perk': 8021, 'var1': 1965, 'var2': 2538, 'var3': 0}, {'perk': 8009, 'var1': 609, 'var2': 0, 'var3': 0}, {'perk': 9105, 'var1': 18, 'var2': 10, 'var3': 0}, {'perk': 8299, 'var1': 656, 'var2': 0, 'var3': 0}], 'style': 8000}, {'description': 'subStyle', 'selections': [{'perk': 8451, 'var1': 205, 'var2': 0, 'var3': 0}, {'perk': 8444, 'var1': 1342, 'var2': 0, 'var3': 0}], 'style': 8400}]}",11578,1412,18083,0,0,0,0,0,0,6473,0,Ry2ICMxuiv2TrVXKop-z8qOvMGjBUnUc0L0p_Xpwb60DXfUCH9fS1xkx8J5Q4jrkzPWb0O5bZCobpg,0,T1 Panini,FAKER,SOLO,0,142,39,69,23,0,4,4,3,12,Oj5z3KRnvJvKJhmr5Jfs0r1u80AI97o_SKupINcGyVzxeC93,408,LightningKnight,False,100,MIDDLE,1,1802,0,117426,23876,0,38271,0,3611,0,176,80,360,1,0,3695,0,1504,0,0,10,0,0,27,1,1,11,False
NA1_4917842031,0,0,4,0,0,2,9021,12,84,Akali,0,0,3,2174,2174,2174,5736,0,0,0,0,0,True,1,1,False,False,False,False,False,True,4,7136,6300,0,MIDDLE,0,0,0,2031,3152,3020,1054,3113,3145,3340,12,1,2,NONE,0,2,1,0,61744,8897,8211,"{'playerScore0': 0, 'playerScore1': 0, 'playerScore10': 0, 'playerScore11': 0, 'playerScore2': 0, 'playerScore3': 0, 'playerScore4': 0, 'playerScore5': 0, 'playerScore6': 0, 'playerScore7': 0, 'playerScore8': 0, 'playerScore9': 0}",0,0,0,0,0,0,0,3,3,0,"{'statPerks': {'defense': 5001, 'flex': 5008, 'offense': 5008}, 'styles': [{'description': 'primaryStyle', 'selections': [{'perk': 8021, 'var1': 1158, 'var2': 1790, 'var3': 0}, {'perk': 8009, 'var1': 330, 'var2': 0, 'var3': 0}, {'perk': 9105, 'var1': 15, 'var2': 40, 'var3': 0}, {'perk': 8299, 'var1': 270, 'var2': 0, 'var3': 0}], 'style': 8000}, {'description': 'subStyle', 'selections': [{'perk': 8451, 'var1': 160, 'var2': 0, 'var3': 0}, {'perk': 8444, 'var1': 1061, 'var2': 0, 'var3': 0}], 'style': 8400}]}",7284,865,3941,0,0,0,0,0,0,6473,0,Ry2ICMxuiv2TrVXKop-z8qOvMGjBUnUc0L0p_Xpwb60DXfUCH9fS1xkx8J5Q4jrkzPWb0O5bZCobpg,0,T1 Panini,FAKER,SUPPORT,0,111,21,31,12,0,2,4,2,12,Oj5z3KRnvJvKJhmr5Jfs0r1u80AI97o_SKupINcGyVzxeC93,408,LightningKnight,False,100,MIDDLE,1,1164,0,69416,9763,0,12515,0,1959,0,149,67,0,1,0,387,0,362,2,2,2,0,0,11,0,2,6,True
NA1_4917809164,1,0,1,0,0,5,10537,13,84,Akali,0,0,2,1083,1083,1083,5936,0,1,1,2,0,True,4,0,False,False,False,False,False,True,5,8183,6275,0,MIDDLE,0,0,0,2031,3152,1054,3020,3145,3113,3340,13,2,9,NONE,0,5,3,739,63323,14319,4334,"{'playerScore0': 0, 'playerScore1': 0, 'playerScore10': 0, 'playerScore11': 0, 'playerScore2': 0, 'playerScore3': 0, 'playerScore4': 0, 'playerScore5': 0, 'playerScore6': 0, 'playerScore7': 0, 'playerScore8': 0, 'playerScore9': 0}",0,0,0,0,0,0,0,5,3,0,"{'statPerks': {'defense': 5001, 'flex': 5008, 'offense': 5008}, 'styles': [{'description': 'primaryStyle', 'selections': [{'perk': 8021, 'var1': 1249, 'var2': 1739, 'var3': 0}, {'perk': 8009, 'var1': 612, 'var2': 0, 'var3': 0}, {'perk': 9105, 'var1': 14, 'var2': 30, 'var3': 0}, {'perk': 8299, 'var1': 426, 'var2': 0, 'var3': 0}], 'style': 8000}, {'description': 'subStyle', 'selections': [{'perk': 8451, 'var1': 155, 'var2': 0, 'var3': 0}, {'perk': 8444, 'var1': 992, 'var2': 0, 'var3': 0}], 'style': 8400}]}",6978,1553,7972,0,0,0,0,0,0,6473,0,Ry2ICMxuiv2TrVXKop-z8qOvMGjBUnUc0L0p_Xpwb60DXfUCH9fS1xkx8J5Q4jrkzPWb0O5bZCobpg,0,T1 Panini,FAKER,SUPPORT,0,118,25,46,14,0,3,4,1,12,Oj5z3KRnvJvKJhmr5Jfs0r1u80AI97o_SKupINcGyVzxeC93,408,LightningKnight,False,100,MIDDLE,2,1080,0,74648,16011,0,13185,0,2026,0,130,64,32,1,1,4346,138,878,0,0,0,0,0,11,1,0,7,True
NA1_4917746328,2,0,2,0,0,0,17351,17,84,Akali,0,0,2,2528,2528,2528,29142,0,7,1,1,0,True,7,3,False,False,False,False,False,False,7,14028,13855,0,MIDDLE,0,0,5,3157,3152,4645,4646,0,3020,3340,19,4,10,MIDDLE,0,3,2,681,144028,23759,9126,"{'playerScore0': 0, 'playerScore1': 0, 'playerScore10': 0, 'playerScore11': 0, 'playerScore2': 0, 'playerScore3': 0, 'playerScore4': 0, 'playerScore5': 0, 'playerScore6': 0, 'playerScore7': 0, 'playerScore8': 0, 'playerScore9': 0}",0,0,0,1,0,0,0,18,1,0,"{'statPerks': {'defense': 5001, 'flex': 5008, 'offense': 5005}, 'styles': [{'description': 'primaryStyle', 'selections': [{'perk': 8021, 'var1': 2719, 'var2': 3791, 'var3': 0}, {'perk': 8009, 'var1': 804, 'var2': 0, 'var3': 0}, {'perk': 9105, 'var1': 18, 'var2': 20, 'var3': 0}, {'perk': 8299, 'var1': 1334, 'var2': 0, 'var3': 0}], 'style': 8000}, {'description': 'subStyle', 'selections': [{'perk': 8451, 'var1': 247, 'var2': 0, 'var3': 0}, {'perk': 8444, 'var1': 2038, 'var2': 0, 'var3': 0}], 'style': 8400}]}",14388,2147,30439,0,0,0,0,0,0,6473,0,Ry2ICMxuiv2TrVXKop-z8qOvMGjBUnUc0L0p_Xpwb60DXfUCH9fS1xkx8J5Q4jrkzPWb0O5bZCobpg,0,T1 Panini,FAKER,SOLO,0,182,38,80,26,0,5,4,3,12,Oj5z3KRnvJvKJhmr5Jfs0r1u80AI97o_SKupINcGyVzxeC93,408,LightningKnight,False,100,MIDDLE,4,2162,0,160121,26384,0,42092,0,6410,0,227,139,253,1,0,1704,477,2527,0,1,11,0,0,24,1,2,11,False
NA1_4917422815,0,4,9,0,0,0,16432,16,84,Akali,0,0,4,1902,6451,1902,29851,0,6,2,1,0,True,9,1,False,False,False,False,False,True,7,13037,12300,0,MIDDLE,0,1,0,3157,3152,1058,3020,1054,4646,3340,20,1,6,MIDDLE,0,6,2,1247,123360,32925,23771,"{'playerScore0': 0, 'playerScore1': 0, 'playerScore10': 0, 'playerScore11': 0, 'playerScore2': 0, 'playerScore3': 0, 'playerScore4': 0, 'playerScore5': 0, 'playerScore6': 0, 'playerScore7': 0, 'playerScore8': 0, 'playerScore9': 0}",3,0,0,0,0,0,0,12,3,0,"{'statPerks': {'defense': 5001, 'flex': 5008, 'offense': 5008}, 'styles': [{'description': 'primaryStyle', 'selections': [{'perk': 8021, 'var1': 3880, 'var2': 4161, 'var3': 0}, {'perk': 8009, 'var1': 825, 'var2': 0, 'var3': 0}, {'perk': 9105, 'var1': 20, 'var2': 10, 'var3': 0}, {'perk': 8299, 'var1': 1281, 'var2': 0, 'var3': 0}], 'style': 8000}, {'description': 'subStyle', 'selections': [{'perk': 8451, 'var1': 218, 'var2': 0, 'var3': 0}, {'perk': 8444, 'var1': 2430, 'var2': 0, 'var3': 0}], 'style': 8400}]}",14997,2266,18925,0,0,0,0,0,0,6473,0,Ry2ICMxuiv2TrVXKop-z8qOvMGjBUnUc0L0p_Xpwb60DXfUCH9fS1xkx8J5Q4jrkzPWb0O5bZCobpg,0,T1 Panini,FAKER,SOLO,0,204,46,78,29,0,5,4,4,12,Oj5z3KRnvJvKJhmr5Jfs0r1u80AI97o_SKupINcGyVzxeC93,408,LightningKnight,False,100,MIDDLE,3,2148,0,139260,35421,0,44011,0,10009,0,212,108,212,1,0,902,230,1313,2,3,5,0,0,35,2,4,15,True
NA1_4916855418,0,0,9,0,0,2,15927,16,61,Orianna,0,0,3,3411,8023,3411,9147,0,3,1,0,0,True,13,1,False,False,False,False,False,False,7,10674,8725,0,MIDDLE,1,1,0,1056,2031,6655,3020,4646,3145,3340,17,1,3,MIDDLE,0,2,1,225,121714,12360,7877,"{'playerScore0': 0, 'playerScore1': 0, 'playerScore10': 0, 'playerScore11': 0, 'playerScore2': 0, 'playerScore3': 0, 'playerScore4': 0, 'playerScore5': 0, 'playerScore6': 0, 'playerScore7': 0, 'playerScore8': 0, 'playerScore9': 0}",0,0,0,0,1,0,0,3,3,0,"{'statPerks': {'defense': 5001, 'flex': 5008, 'offense': 5005}, 'styles': [{'description': 'primaryStyle', 'selections': [{'perk': 8214, 'var1': 989, 'var2': 525, 'var3': 0}, {'perk': 8226, 'var1': 250, 'var2': 233, 'var3': 0}, {'perk': 8233, 'var1': 17, 'var2': 50, 'var3': 0}, {'perk': 8237, 'var1': 359, 'var2': 0, 'var3': 0}], 'style': 8200}, {'description': 'subStyle', 'selections': [{'perk': 8345, 'var1': 3, 'var2': 0, 'var3': 0}, {'perk': 8347, 'var1': 0, 'var2': 0, 'var3': 0}], 'style': 8300}]}",13441,895,3107,0,0,0,0,0,0,6473,0,Ry2ICMxuiv2TrVXKop-z8qOvMGjBUnUc0L0p_Xpwb60DXfUCH9fS1xkx8J5Q4jrkzPWb0O5bZCobpg,0,T1 Panini,FAKER,DUO,0,120,101,60,8,0,4,4,2,12,Oj5z3KRnvJvKJhmr5Jfs0r1u80AI97o_SKupINcGyVzxeC93,407,LightningKnight,False,100,MIDDLE,12,1735,0,135666,13339,909,12675,0,1541,0,206,267,41,1,0,509,84,1691,1,4,2,0,0,20,1,1,12,True
NA1_4916818940,1,1,10,0,0,4,16251,16,84,Akali,0,0,3,3011,7422,3011,20170,0,4,2,0,0,True,5,1,False,False,False,False,False,False,6,13247,12930,0,MIDDLE,0,0,0,3157,3152,4646,1058,3020,3145,3364,23,2,10,MIDDLE,0,5,1,1014,125654,23247,7304,"{'playerScore0': 0, 'playerScore1': 0, 'playerScore10': 0, 'playerScore11': 0, 'playerScore2': 0, 'playerScore3': 0, 'playerScore4': 0, 'playerScore5': 0, 'playerScore6': 0, 'playerScore7': 0, 'playerScore8': 0, 'playerScore9': 0}",0,0,0,0,1,0,0,12,8,0,"{'statPerks': {'defense': 5001, 'flex': 5008, 'offense': 5008}, 'styles': [{'description': 'primaryStyle', 'selections': [{'perk': 8021, 'var1': 2340, 'var2': 2952, 'var3': 0}, {'perk': 8009, 'var1': 867, 'var2': 0, 'var3': 0}, {'perk': 9105, 'var1': 11, 'var2': 10, 'var3': 0}, {'perk': 8299, 'var1': 637, 'var2': 0, 'var3': 0}], 'style': 8000}, {'description': 'subStyle', 'selections': [{'perk': 8451, 'var1': 211, 'var2': 0, 'var3': 0}, {'perk': 8444, 'var1': 1544, 'var2': 0, 'var3': 0}], 'style': 8400}]}",15080,1052,25028,0,0,0,0,0,0,6473,0,Ry2ICMxuiv2TrVXKop-z8qOvMGjBUnUc0L0p_Xpwb60DXfUCH9fS1xkx8J5Q4jrkzPWb0O5bZCobpg,0,T1 Panini,FAKER,SOLO,0,177,30,65,20,0,4,4,5,12,Oj5z3KRnvJvKJhmr5Jfs0r1u80AI97o_SKupINcGyVzxeC93,407,LightningKnight,False,200,MIDDLE,3,1904,0,142136,24427,0,33830,0,7778,0,186,110,159,1,0,1401,128,1497,1,2,2,0,0,23,2,4,5,True
NA1_4915867249,0,0,8,0,0,0,14440,15,910,Hwei,0,0,4,2340,2555,2340,13371,0,6,1,0,0,True,0,1,False,False,False,False,False,False,0,9475,8985,0,MIDDLE,0,0,4,4646,2031,3020,6655,1058,0,3340,17,0,2,MIDDLE,0,0,1,605,119220,23448,8334,"{'playerScore0': 0, 'playerScore1': 0, 'playerScore10': 0, 'playerScore11': 0, 'playerScore2': 0, 'playerScore3': 0, 'playerScore4': 0, 'playerScore5': 0, 'playerScore6': 0, 'playerScore7': 0, 'playerScore8': 0, 'playerScore9': 0}",0,0,0,1,0,0,0,3,8,0,"{'statPerks': {'defense': 5001, 'flex': 5008, 'offense': 5005}, 'styles': [{'description': 'primaryStyle', 'selections': [{'perk': 8229, 'var1': 2402, 'var2': 0, 'var3': 0}, {'perk': 8226, 'var1': 250, 'var2': 1510, 'var3': 0}, {'perk': 8233, 'var1': 20, 'var2': 30, 'var3': 0}, {'perk': 8237, 'var1': 863, 'var2': 0, 'var3': 0}], 'style': 8200}, {'description': 'subStyle', 'selections': [{'perk': 8345, 'var1': 3, 'var2': 0, 'var3': 0}, {'perk': 8347, 'var1': 0, 'var2': 0, 'var3': 0}], 'style': 8300}]}",17727,3263,14242,0,0,0,0,0,0,6473,0,Ry2ICMxuiv2TrVXKop-z8qOvMGjBUnUc0L0p_Xpwb60DXfUCH9fS1xkx8J5Q4jrkzPWb0O5bZCobpg,0,T1 Panini,FAKER,SOLO,0,122,33,66,9,0,5,4,2,12,Oj5z3KRnvJvKJhmr5Jfs0r1u80AI97o_SKupINcGyVzxeC93,407,LightningKnight,False,200,MIDDLE,27,1818,0,143835,27063,420,22824,0,1534,0,181,694,145,1,0,6886,352,247,1,2,11,0,0,18,1,1,11,False
NA1_4914843344,0,0,6,0,0,0,14528,15,39,Irelia,0,0,2,7461,22943,7461,26569,0,6,0,0,1,True,9,1,False,False,False,False,False,False,9,12445,11810,0,MIDDLE,1,2,0,1054,2031,3153,6610,3047,6333,3340,16,1,3,MIDDLE,164,2,1,510,16753,2681,7844,"{'playerScore0': 0, 'playerScore1': 0, 'playerScore10': 0, 'playerScore11': 0, 'playerScore2': 0, 'playerScore3': 0, 'playerScore4': 0, 'playerScore5': 0, 'playerScore6': 0, 'playerScore7': 0, 'playerScore8': 0, 'playerScore9': 0}",1,14,0,0,0,0,0,4,8,0,"{'statPerks': {'defense': 5001, 'flex': 5008, 'offense': 5005}, 'styles': [{'description': 'primaryStyle', 'selections': [{'perk': 8010, 'var1': 257, 'var2': 0, 'var3': 0}, {'perk': 8009, 'var1': 1292, 'var2': 0, 'var3': 0}, {'perk': 9104, 'var1': 14, 'var2': 40, 'var3': 0}, {'perk': 8299, 'var1': 471, 'var2': 0, 'var3': 0}], 'style': 8000}, {'description': 'subStyle', 'selections': [{'perk': 8345, 'var1': 3, 'var2': 0, 'var3': 0}, {'perk': 8347, 'var1': 0, 'var2': 0, 'var3': 0}], 'style': 8300}]}",145510,6742,18433,0,0,0,0,0,0,6473,0,Ry2ICMxuiv2TrVXKop-z8qOvMGjBUnUc0L0p_Xpwb60DXfUCH9fS1xkx8J5Q4jrkzPWb0O5bZCobpg,0,T1 Panini,FAKER,SOLO,0,227,45,61,5,0,4,4,5,12,Oj5z3KRnvJvKJhmr5Jfs0r1u80AI97o_SKupINcGyVzxeC93,406,LightningKnight,False,200,MIDDLE,13,1858,0,165025,9424,0,27352,4,8147,0,198,74,178,1,0,2761,0,1074,4,5,1,0,0,24,0,3,10,True
NA1_4913884456,0,0,0,0,0,4,8417,11,61,Orianna,0,0,4,3043,8757,3043,2146,0,0,0,0,0,True,3,0,False,False,False,True,False,True,4,6597,5100,0,MIDDLE,0,0,0,1056,3020,6655,1052,0,0,3340,13,1,4,NONE,0,4,1,0,58727,6385,198,"{'playerScore0': 0, 'playerScore1': 0, 'playerScore10': 0, 'playerScore11': 0, 'playerScore2': 0, 'playerScore3': 0, 'playerScore4': 0, 'playerScore5': 0, 'playerScore6': 0, 'playerScore7': 0, 'playerScore8': 0, 'playerScore9': 0}",0,0,0,0,0,0,0,1,8,0,"{'statPerks': {'defense': 5001, 'flex': 5008, 'offense': 5005}, 'styles': [{'description': 'primaryStyle', 'selections': [{'perk': 8214, 'var1': 509, 'var2': 0, 'var3': 0}, {'perk': 8226, 'var1': 250, 'var2': 569, 'var3': 0}, {'perk': 8233, 'var1': 3, 'var2': 0, 'var3': 0}, {'perk': 8237, 'var1': 323, 'var2': 0, 'var3': 0}], 'style': 8200}, {'description': 'subStyle', 'selections': [{'perk': 8345, 'var1': 3, 'var2': 0, 'var3': 0}, {'perk': 8347, 'var1': 0, 'var2': 0, 'var3': 0}], 'style': 8300}]}",9635,745,3149,0,0,0,0,0,0,6473,0,Ry2ICMxuiv2TrVXKop-z8qOvMGjBUnUc0L0p_Xpwb60DXfUCH9fS1xkx8J5Q4jrkzPWb0O5bZCobpg,0,T1 Panini,FAKER,SUPPORT,0,80,60,31,4,0,2,4,2,12,Oj5z3KRnvJvKJhmr5Jfs0r1u80AI97o_SKupINcGyVzxeC93,406,LightningKnight,False,200,MIDDLE,6,925,0,71441,7130,0,3347,0,0,0,120,208,0,0,0,3078,0,0,1,1,0,0,0,8,0,0,5,True
NA1_4913790305,0,0,6,0,0,2,10816,13,910,Hwei,0,0,2,2504,2504,2504,6684,0,4,0,0,0,True,2,0,False,False,False,False,False,False,7,8933,7550,0,MIDDLE,0,0,0,1056,3158,4646,6655,2022,0,3340,13,2,6,MIDDLE,0,2,1,391,67529,12512,5942,"{'playerScore0': 0, 'playerScore1': 0, 'playerScore10': 0, 'playerScore11': 0, 'playerScore2': 0, 'playerScore3': 0, 'playerScore4': 0, 'playerScore5': 0, 'playerScore6': 0, 'playerScore7': 0, 'playerScore8': 0, 'playerScore9': 0}",0,0,0,0,1,0,0,1,8,0,"{'statPerks': {'defense': 5001, 'flex': 5008, 'offense': 5005}, 'styles': [{'description': 'primaryStyle', 'selections': [{'perk': 8229, 'var1': 796, 'var2': 0, 'var3': 0}, {'perk': 8226, 'var1': 250, 'var2': 960, 'var3': 0}, {'perk': 8233, 'var1': 12, 'var2': 0, 'var3': 0}, {'perk': 8237, 'var1': 427, 'var2': 0, 'var3': 0}], 'style': 8200}, {'description': 'subStyle', 'selections': [{'perk': 8345, 'var1': 3, 'var2': 0, 'var3': 0}, {'perk': 8347, 'var1': 0, 'var2': 0, 'var3': 0}], 'style': 8300}]}",14043,1914,5446,0,0,0,0,0,0,6473,0,Ry2ICMxuiv2TrVXKop-z8qOvMGjBUnUc0L0p_Xpwb60DXfUCH9fS1xkx8J5Q4jrkzPWb0O5bZCobpg,0,T1 Panini,FAKER,DUO,0,82,27,42,5,0,4,4,3,12,Oj5z3KRnvJvKJhmr5Jfs0r1u80AI97o_SKupINcGyVzxeC93,406,LightningKnight,False,200,MIDDLE,12,1314,0,83023,14787,317,11483,0,406,0,160,378,112,1,0,1450,361,94,0,4,3,0,0,9,0,0,6,True
NA1_4913720084,0,0,8,0,0,0,12617,14,84,Akali,0,0,1,0,0,0,14005,0,6,0,2,0,True,5,0,False,False,False,False,False,False,3,9720,9350,0,MIDDLE,0,0,3,1058,3152,3020,4646,3145,0,3340,15,2,6,MIDDLE,0,3,3,429,94451,18798,12761,"{'playerScore0': 0, 'playerScore1': 0, 'playerScore10': 0, 'playerScore11': 0, 'playerScore2': 0, 'playerScore3': 0, 'playerScore4': 0, 'playerScore5': 0, 'playerScore6': 0, 'playerScore7': 0, 'playerScore8': 0, 'playerScore9': 0}",0,0,0,1,0,0,0,6,3,0,"{'statPerks': {'defense': 5001, 'flex': 5008, 'offense': 5008}, 'styles': [{'description': 'primaryStyle', 'selections': [{'perk': 8021, 'var1': 1723, 'var2': 2284, 'var3': 0}, {'perk': 8009, 'var1': 759, 'var2': 0, 'var3': 0}, {'perk': 9105, 'var1': 19, 'var2': 0, 'var3': 0}, {'perk': 8299, 'var1': 541, 'var2': 0, 'var3': 0}], 'style': 8000}, {'description': 'subStyle', 'selections': [{'perk': 8451, 'var1': 209, 'var2': 0, 'var3': 0}, {'perk': 8444, 'var1': 1406, 'var2': 0, 'var3': 0}], 'style': 8400}]}",10382,1185,13089,0,0,0,0,0,0,6473,0,Ry2ICMxuiv2TrVXKop-z8qOvMGjBUnUc0L0p_Xpwb60DXfUCH9fS1xkx8J5Q4jrkzPWb0O5bZCobpg,0,T1 Panini,FAKER,SOLO,0,156,27,57,18,0,4,4,3,12,Oj5z3KRnvJvKJhmr5Jfs0r1u80AI97o_SKupINcGyVzxeC93,406,LightningKnight,False,100,MIDDLE,3,1828,0,111144,20219,0,28138,0,3332,0,161,93,151,1,1,6310,235,2286,0,0,11,0,0,15,0,1,10,False
NA1_4913647059,0,4,4,1,0,0,22420,18,777,Yone,0,0,4,5968,34131,5968,42631,0,11,0,2,0,True,3,0,False,False,False,False,False,False,1,17374,16830,0,MIDDLE,0,0,2,3031,3153,6672,3006,3091,3133,3340,28,3,10,MIDDLE,640,4,3,1034,40556,6026,24414,"{'playerScore0': 0, 'playerScore1': 0, 'playerScore10': 0, 'playerScore11': 0, 'playerScore2': 0, 'playerScore3': 0, 'playerScore4': 0, 'playerScore5': 0, 'playerScore6': 0, 'playerScore7': 0, 'playerScore8': 0, 'playerScore9': 0}",0,23,0,1,0,0,0,9,6,0,"{'statPerks': {'defense': 5011, 'flex': 5008, 'offense': 5005}, 'styles': [{'description': 'primaryStyle', 'selections': [{'perk': 8008, 'var1': 68, 'var2': 8, 'var3': 0}, {'perk': 9111, 'var1': 1289, 'var2': 280, 'var3': 0}, {'perk': 9104, 'var1': 14, 'var2': 0, 'var3': 0}, {'perk': 8299, 'var1': 572, 'var2': 0, 'var3': 0}], 'style': 8000}, {'description': 'subStyle', 'selections': [{'perk': 8473, 'var1': 1289, 'var2': 0, 'var3': 0}, {'perk': 8451, 'var1': 263, 'var2': 0, 'var3': 0}], 'style': 8400}]}",200392,18419,22980,0,0,0,0,0,0,6473,0,Ry2ICMxuiv2TrVXKop-z8qOvMGjBUnUc0L0p_Xpwb60DXfUCH9fS1xkx8J5Q4jrkzPWb0O5bZCobpg,0,T1 Panini,FAKER,SOLO,0,332,95,58,14,0,5,4,5,12,Oj5z3KRnvJvKJhmr5Jfs0r1u80AI97o_SKupINcGyVzxeC93,406,LightningKnight,False,200,MIDDLE,25,2766,5,251839,27485,0,49226,6,10578,0,225,230,504,1,1,10890,3039,1831,5,5,7,0,0,30,0,1,15,False
NA1_4911530059,2,1,13,0,0,0,17360,17,39,Irelia,0,0,2,7311,30266,7311,31589,0,7,1,0,1,True,3,1,False,False,False,False,False,False,1,14279,15130,0,MIDDLE,0,1,0,6333,3091,3153,3047,6610,0,3340,22,1,5,MIDDLE,282,5,1,687,30647,10035,16056,"{'playerScore0': 0, 'playerScore1': 0, 'playerScore10': 0, 'playerScore11': 0, 'playerScore2': 0, 'playerScore3': 0, 'playerScore4': 0, 'playerScore5': 0, 'playerScore6': 0, 'playerScore7': 0, 'playerScore8': 0, 'playerScore9': 0}",0,8,0,0,0,0,0,8,3,0,"{'statPerks': {'defense': 5001, 'flex': 5008, 'offense': 5005}, 'styles': [{'description': 'primaryStyle', 'selections': [{'perk': 8010, 'var1': 884, 'var2': 0, 'var3': 0}, {'perk': 8009, 'var1': 2423, 'var2': 0, 'var3': 0}, {'perk': 9105, 'var1': 19, 'var2': 20, 'var3': 0}, {'perk': 8299, 'var1': 727, 'var2': 0, 'var3': 0}], 'style': 8000}, {'description': 'subStyle', 'selections': [{'perk': 8345, 'var1': 3, 'var2': 0, 'var3': 0}, {'perk': 8347, 'var1': 0, 'var2': 0, 'var3': 0}], 'style': 8300}]}",152656,18212,17319,0,0,0,0,0,0,6473,0,Ry2ICMxuiv2TrVXKop-z8qOvMGjBUnUc0L0p_Xpwb60DXfUCH9fS1xkx8J5Q4jrkzPWb0O5bZCobpg,0,T1 Panini,FAKER,SOLO,0,247,41,66,10,0,4,4,7,14,Oj5z3KRnvJvKJhmr5Jfs0r1u80AI97o_SKupINcGyVzxeC93,404,LightningKnight,False,100,MIDDLE,17,1923,0,187513,29783,0,38378,0,17090,0,222,81,188,1,0,4210,1536,5002,4,5,3,0,0,27,1,5,13,True
NA1_4911474005,0,2,7,0,0,0,18055,17,84,Akali,0,0,3,1917,5894,1917,20175,0,6,1,1,0,True,4,1,False,False,False,False,False,False,1,12537,11725,0,MIDDLE,1,1,2,4645,3152,3020,4646,1054,1058,3364,23,1,5,MIDDLE,0,4,2,1485,123883,17951,16362,"{'playerScore0': 0, 'playerScore1': 0, 'playerScore10': 0, 'playerScore11': 0, 'playerScore2': 0, 'playerScore3': 0, 'playerScore4': 0, 'playerScore5': 0, 'playerScore6': 0, 'playerScore7': 0, 'playerScore8': 0, 'playerScore9': 0}",1,0,0,1,0,0,0,8,3,0,"{'statPerks': {'defense': 5001, 'flex': 5008, 'offense': 5008}, 'styles': [{'description': 'primaryStyle', 'selections': [{'perk': 8021, 'var1': 2528, 'var2': 4198, 'var3': 0}, {'perk': 8009, 'var1': 537, 'var2': 0, 'var3': 0}, {'perk': 9105, 'var1': 19, 'var2': 50, 'var3': 0}, {'perk': 8299, 'var1': 387, 'var2': 0, 'var3': 0}], 'style': 8000}, {'description': 'subStyle', 'selections': [{'perk': 8451, 'var1': 264, 'var2': 0, 'var3': 0}, {'perk': 8444, 'var1': 1883, 'var2': 0, 'var3': 0}], 'style': 8400}]}",15885,939,24450,0,0,0,0,0,0,6473,0,Ry2ICMxuiv2TrVXKop-z8qOvMGjBUnUc0L0p_Xpwb60DXfUCH9fS1xkx8J5Q4jrkzPWb0O5bZCobpg,0,T1 Panini,FAKER,SOLO,0,176,34,72,20,0,4,4,4,12,Oj5z3KRnvJvKJhmr5Jfs0r1u80AI97o_SKupINcGyVzxeC93,404,LightningKnight,False,100,MIDDLE,2,2220,0,148727,19068,0,42278,0,6308,0,224,115,264,1,0,8959,178,1465,2,3,9,0,0,27,1,8,4,False
NA1_4911036915,1,0,6,0,0,0,10468,13,84,Akali,0,0,5,436,3749,436,7374,0,3,1,0,0,True,9,0,False,False,False,False,False,True,3,8662,7625,0,MIDDLE,0,0,0,4646,3152,1052,1054,3020,0,3364,20,1,5,MIDDLE,0,5,1,909,70435,11760,3653,"{'playerScore0': 0, 'playerScore1': 0, 'playerScore10': 0, 'playerScore11': 0, 'playerScore2': 0, 'playerScore3': 0, 'playerScore4': 0, 'playerScore5': 0, 'playerScore6': 0, 'playerScore7': 0, 'playerScore8': 0, 'playerScore9': 0}",0,0,0,0,0,0,0,1,8,0,"{'statPerks': {'defense': 5001, 'flex': 5008, 'offense': 5008}, 'styles': [{'description': 'primaryStyle', 'selections': [{'perk': 8021, 'var1': 1487, 'var2': 1784, 'var3': 0}, {'perk': 8009, 'var1': 592, 'var2': 0, 'var3': 0}, {'perk': 9105, 'var1': 11, 'var2': 50, 'var3': 0}, {'perk': 8299, 'var1': 340, 'var2': 0, 'var3': 0}], 'style': 8000}, {'description': 'subStyle', 'selections': [{'perk': 8451, 'var1': 177, 'var2': 0, 'var3': 0}, {'perk': 8444, 'var1': 978, 'var2': 0, 'var3': 0}], 'style': 8400}]}",12417,1352,13752,0,0,0,0,0,0,6473,0,Ry2ICMxuiv2TrVXKop-z8qOvMGjBUnUc0L0p_Xpwb60DXfUCH9fS1xkx8J5Q4jrkzPWb0O5bZCobpg,0,T1 Panini,FAKER,SOLO,0,118,23,42,8,0,3,4,3,12,Oj5z3KRnvJvKJhmr5Jfs0r1u80AI97o_SKupINcGyVzxeC93,404,LightningKnight,False,200,MIDDLE,1,1398,0,90492,13281,0,17757,0,2917,0,141,74,83,1,0,7640,168,352,0,1,2,0,0,9,1,0,4,True
NA1_4909107490,0,3,7,0,0,0,15333,16,39,Irelia,0,0,2,4431,13134,4431,34310,0,8,1,1,0,True,4,0,False,False,False,False,False,False,1,12894,12758,0,TOP,0,0,1,3078,6333,3153,3047,1057,1042,3340,28,2,5,TOP,0,3,2,859,19945,5519,15938,"{'playerScore0': 0, 'playerScore1': 0, 'playerScore10': 0, 'playerScore11': 0, 'playerScore2': 0, 'playerScore3': 0, 'playerScore4': 0, 'playerScore5': 0, 'playerScore6': 0, 'playerScore7': 0, 'playerScore8': 0, 'playerScore9': 0}",0,6,0,1,0,0,1,6,1,0,"{'statPerks': {'defense': 5001, 'flex': 5008, 'offense': 5005}, 'styles': [{'description': 'primaryStyle', 'selections': [{'perk': 8010, 'var1': 655, 'var2': 0, 'var3': 0}, {'perk': 8009, 'var1': 1988, 'var2': 0, 'var3': 0}, {'perk': 9105, 'var1': 12, 'var2': 0, 'var3': 0}, {'perk': 8299, 'var1': 634, 'var2': 0, 'var3': 0}], 'style': 8000}, {'description': 'subStyle', 'selections': [{'perk': 8345, 'var1': 3, 'var2': 0, 'var3': 0}, {'perk': 8347, 'var1': 0, 'var2': 0, 'var3': 0}], 'style': 8300}]}",150505,14866,15002,0,0,0,0,0,0,6473,0,Ry2ICMxuiv2TrVXKop-z8qOvMGjBUnUc0L0p_Xpwb60DXfUCH9fS1xkx8J5Q4jrkzPWb0O5bZCobpg,0,T1 Panini,FAKER,SOLO,0,261,39,52,9,0,5,4,2,12,Oj5z3KRnvJvKJhmr5Jfs0r1u80AI97o_SKupINcGyVzxeC93,404,LightningKnight,False,100,TOP,20,1994,0,176459,20838,0,35751,0,7729,0,217,127,286,1,0,6008,452,4810,2,3,8,0,0,25,1,1,13,False
NA1_4908181519,0,1,10,0,0,0,16278,16,39,Irelia,0,0,2,8138,16884,8138,54129,0,10,0,1,0,True,3,1,False,False,False,False,False,False,1,14129,12995,0,MIDDLE,1,1,0,1043,3153,6610,3111,6333,1057,3340,27,2,7,TOP,326,3,2,371,29398,10669,22690,"{'playerScore0': 0, 'playerScore1': 0, 'playerScore10': 0, 'playerScore11': 0, 'playerScore2': 0, 'playerScore3': 0, 'playerScore4': 0, 'playerScore5': 0, 'playerScore6': 0, 'playerScore7': 0, 'playerScore8': 0, 'playerScore9': 0}",1,9,0,0,1,0,0,6,8,0,"{'statPerks': {'defense': 5001, 'flex': 5008, 'offense': 5005}, 'styles': [{'description': 'primaryStyle', 'selections': [{'perk': 8010, 'var1': 1192, 'var2': 0, 'var3': 0}, {'perk': 8009, 'var1': 2907, 'var2': 0, 'var3': 0}, {'perk': 9105, 'var1': 13, 'var2': 0, 'var3': 0}, {'perk': 8299, 'var1': 1615, 'var2': 0, 'var3': 0}], 'style': 8000}, {'description': 'subStyle', 'selections': [{'perk': 8444, 'var1': 1849, 'var2': 0, 'var3': 0}, {'perk': 8451, 'var1': 239, 'var2': 0, 'var3': 0}], 'style': 8400}]}",175364,31139,23801,0,0,0,0,0,0,6473,0,Ry2ICMxuiv2TrVXKop-z8qOvMGjBUnUc0L0p_Xpwb60DXfUCH9fS1xkx8J5Q4jrkzPWb0O5bZCobpg,0,T1 Panini,FAKER,DUO,0,290,48,92,9,0,5,4,5,12,Oj5z3KRnvJvKJhmr5Jfs0r1u80AI97o_SKupINcGyVzxeC93,403,LightningKnight,False,200,MIDDLE,27,2029,4,208057,42738,0,54861,5,14837,0,221,183,318,1,0,3295,930,8369,4,5,3,0,0,20,0,0,10,True
NA1_4907959494,0,1,4,0,0,0,14271,15,39,Irelia,0,0,1,3842,6885,3842,37439,0,8,0,0,0,True,9,2,False,False,False,False,False,False,8,12303,12250,0,MIDDLE,0,0,1,3091,2031,3111,3153,6333,3155,3340,17,1,4,MIDDLE,0,2,1,465,27481,7017,18005,"{'playerScore0': 0, 'playerScore1': 0, 'playerScore10': 0, 'playerScore11': 0, 'playerScore2': 0, 'playerScore3': 0, 'playerScore4': 0, 'playerScore5': 0, 'playerScore6': 0, 'playerScore7': 0, 'playerScore8': 0, 'playerScore9': 0}",0,2,0,1,0,0,0,7,8,0,"{'statPerks': {'defense': 5001, 'flex': 5008, 'offense': 5005}, 'styles': [{'description': 'primaryStyle', 'selections': [{'perk': 8010, 'var1': 361, 'var2': 0, 'var3': 0}, {'perk': 8009, 'var1': 1268, 'var2': 0, 'var3': 0}, {'perk': 9105, 'var1': 17, 'var2': 40, 'var3': 0}, {'perk': 8299, 'var1': 902, 'var2': 0, 'var3': 0}], 'style': 8000}, {'description': 'subStyle', 'selections': [{'perk': 8444, 'var1': 1737, 'var2': 0, 'var3': 0}, {'perk': 8451, 'var1': 204, 'var2': 0, 'var3': 0}], 'style': 8400}]}",128797,11754,15350,0,0,0,0,0,0,6473,0,Ry2ICMxuiv2TrVXKop-z8qOvMGjBUnUc0L0p_Xpwb60DXfUCH9fS1xkx8J5Q4jrkzPWb0O5bZCobpg,0,T1 Panini,FAKER,SOLO,0,229,36,50,10,0,5,4,6,14,Oj5z3KRnvJvKJhmr5Jfs0r1u80AI97o_SKupINcGyVzxeC93,403,LightningKnight,False,200,MIDDLE,10,1995,0,159451,20240,0,38385,0,8227,0,225,67,269,1,0,3172,1468,5030,1,2,8,0,0,23,0,3,11,False
NA1_4906012249,0,0,6,0,0,1,14801,16,39,Irelia,0,0,6,7737,10258,7737,23534,0,5,0,0,0,True,4,1,False,False,False,False,False,False,2,12440,11363,0,MIDDLE,0,1,0,1055,3091,3153,3111,3078,0,3340,26,2,7,MIDDLE,0,4,1,578,27302,9593,15622,"{'playerScore0': 0, 'playerScore1': 0, 'playerScore10': 0, 'playerScore11': 0, 'playerScore2': 0, 'playerScore3': 0, 'playerScore4': 0, 'playerScore5': 0, 'playerScore6': 0, 'playerScore7': 0, 'playerScore8': 0, 'playerScore9': 0}",0,4,1,0,1,0,0,3,3,0,"{'statPerks': {'defense': 5001, 'flex': 5008, 'offense': 5005}, 'styles': [{'description': 'primaryStyle', 'selections': [{'perk': 8010, 'var1': 940, 'var2': 0, 'var3': 0}, {'perk': 8009, 'var1': 2421, 'var2': 0, 'var3': 0}, {'perk': 9105, 'var1': 18, 'var2': 20, 'var3': 0}, {'perk': 8299, 'var1': 688, 'var2': 0, 'var3': 0}], 'style': 8000}, {'description': 'subStyle', 'selections': [{'perk': 8345, 'var1': 3, 'var2': 0, 'var3': 0}, {'perk': 8347, 'var1': 0, 'var2': 0, 'var3': 0}], 'style': 8300}]}",148749,19447,9078,0,0,0,0,0,0,6473,0,Ry2ICMxuiv2TrVXKop-z8qOvMGjBUnUc0L0p_Xpwb60DXfUCH9fS1xkx8J5Q4jrkzPWb0O5bZCobpg,0,T1 Panini,FAKER,SOLO,0,244,40,55,7,0,4,4,4,12,Oj5z3KRnvJvKJhmr5Jfs0r1u80AI97o_SKupINcGyVzxeC93,403,LightningKnight,False,100,MIDDLE,20,1697,0,180492,30376,0,25376,0,11111,0,222,91,118,1,0,4439,1335,674,4,5,4,0,0,18,0,1,11,True
NA1_4905985372,0,1,5,0,0,0,10582,13,84,Akali,0,0,2,1955,2734,1955,13992,0,7,1,0,0,True,5,0,False,False,False,False,False,False,11,8695,8205,0,MIDDLE,0,0,2,1052,7011,1054,3020,4646,1052,3340,20,0,4,MIDDLE,0,0,1,778,67811,16283,9845,"{'playerScore0': 0, 'playerScore1': 0, 'playerScore10': 0, 'playerScore11': 0, 'playerScore2': 0, 'playerScore3': 0, 'playerScore4': 0, 'playerScore5': 0, 'playerScore6': 0, 'playerScore7': 0, 'playerScore8': 0, 'playerScore9': 0}",0,0,0,1,0,0,0,13,3,0,"{'statPerks': {'defense': 5001, 'flex': 5008, 'offense': 5008}, 'styles': [{'description': 'primaryStyle', 'selections': [{'perk': 8021, 'var1': 1538, 'var2': 1638, 'var3': 0}, {'perk': 8009, 'var1': 538, 'var2': 0, 'var3': 0}, {'perk': 9105, 'var1': 21, 'var2': 20, 'var3': 0}, {'perk': 8299, 'var1': 314, 'var2': 0, 'var3': 0}], 'style': 8000}, {'description': 'subStyle', 'selections': [{'perk': 8451, 'var1': 179, 'var2': 0, 'var3': 0}, {'perk': 8444, 'var1': 864, 'var2': 0, 'var3': 0}], 'style': 8400}]}",10885,1201,15542,0,0,0,0,0,0,6473,0,Ry2ICMxuiv2TrVXKop-z8qOvMGjBUnUc0L0p_Xpwb60DXfUCH9fS1xkx8J5Q4jrkzPWb0O5bZCobpg,0,T1 Panini,FAKER,SOLO,0,129,36,47,21,0,3,4,3,12,Oj5z3KRnvJvKJhmr5Jfs0r1u80AI97o_SKupINcGyVzxeC93,403,LightningKnight,False,100,MIDDLE,1,1641,0,89736,18202,0,26056,0,1889,0,119,75,204,1,0,11039,717,668,0,1,10,0,0,13,1,0,9,False
NA1_4904987571,0,2,11,0,0,2,14366,15,84,Akali,0,0,2,2193,5438,2193,18595,0,9,1,3,0,True,8,0,False,True,False,False,False,False,14,12501,10825,0,MIDDLE,0,0,0,1054,3152,4646,3020,4645,1052,3364,22,4,11,TOP,0,3,2,320,85819,27113,6729,"{'playerScore0': 0, 'playerScore1': 0, 'playerScore10': 0, 'playerScore11': 0, 'playerScore2': 0, 'playerScore3': 0, 'playerScore4': 0, 'playerScore5': 0, 'playerScore6': 0, 'playerScore7': 0, 'playerScore8': 0, 'playerScore9': 0}",0,0,0,0,1,0,0,9,8,0,"{'statPerks': {'defense': 5001, 'flex': 5008, 'offense': 5008}, 'styles': [{'description': 'primaryStyle', 'selections': [{'perk': 8021, 'var1': 2649, 'var2': 3020, 'var3': 0}, {'perk': 8009, 'var1': 919, 'var2': 0, 'var3': 0}, {'perk': 9105, 'var1': 16, 'var2': 50, 'var3': 0}, {'perk': 8299, 'var1': 1068, 'var2': 0, 'var3': 0}], 'style': 8000}, {'description': 'subStyle', 'selections': [{'perk': 8451, 'var1': 194, 'var2': 0, 'var3': 0}, {'perk': 8444, 'var1': 1672, 'var2': 0, 'var3': 0}], 'style': 8400}]}",9813,1641,28912,0,0,0,0,0,0,6473,0,Ry2ICMxuiv2TrVXKop-z8qOvMGjBUnUc0L0p_Xpwb60DXfUCH9fS1xkx8J5Q4jrkzPWb0O5bZCobpg,0,T1 Panini,FAKER,DUO,0,145,35,64,20,0,4,4,4,12,Oj5z3KRnvJvKJhmr5Jfs0r1u80AI97o_SKupINcGyVzxeC93,403,LightningKnight,False,200,MIDDLE,3,1663,0,96669,28972,0,37197,0,5305,0,135,82,256,1,0,1036,218,1555,2,3,4,0,0,14,1,3,4,True
NA1_4904367423,0,0,1,0,0,3,9250,12,84,Akali,0,0,1,5828,8281,5828,4792,0,1,0,1,0,True,0,0,False,False,False,False,False,True,2,7626,7550,0,MIDDLE,0,0,0,2031,3152,1054,3020,4646,1052,3340,14,1,3,NONE,0,3,2,344,62684,5102,6472,"{'playerScore0': 0, 'playerScore1': 0, 'playerScore10': 0, 'playerScore11': 0, 'playerScore2': 0, 'playerScore3': 0, 'playerScore4': 0, 'playerScore5': 0, 'playerScore6': 0, 'playerScore7': 0, 'playerScore8': 0, 'playerScore9': 0}",0,2,0,0,0,0,0,2,3,0,"{'statPerks': {'defense': 5001, 'flex': 5008, 'offense': 5008}, 'styles': [{'description': 'primaryStyle', 'selections': [{'perk': 8021, 'var1': 1005, 'var2': 1459, 'var3': 0}, {'perk': 8009, 'var1': 237, 'var2': 0, 'var3': 0}, {'perk': 9105, 'var1': 14, 'var2': 0, 'var3': 0}, {'perk': 8299, 'var1': 93, 'var2': 0, 'var3': 0}], 'style': 8000}, {'description': 'subStyle', 'selections': [{'perk': 8451, 'var1': 157, 'var2': 0, 'var3': 0}, {'perk': 8444, 'var1': 667, 'var2': 0, 'var3': 0}], 'style': 8400}]}",8957,522,4387,0,0,0,0,0,0,6473,0,Ry2ICMxuiv2TrVXKop-z8qOvMGjBUnUc0L0p_Xpwb60DXfUCH9fS1xkx8J5Q4jrkzPWb0O5bZCobpg,0,T1 Panini,FAKER,DUO,0,105,19,29,7,0,1,4,3,12,Oj5z3KRnvJvKJhmr5Jfs0r1u80AI97o_SKupINcGyVzxeC93,402,LightningKnight,False,100,MIDDLE,0,1126,0,73394,5624,0,11313,0,2251,0,146,55,12,1,0,1753,0,453,1,3,0,0,0,11,0,2,6,True
NA1_4903222808,2,2,8,0,0,4,16092,16,84,Akali,0,0,1,6199,9621,6199,12917,0,2,0,1,0,True,2,0,False,False,False,False,False,False,3,11809,11500,0,MIDDLE,0,1,0,3157,3152,3145,3020,4646,1054,3340,19,3,8,MIDDLE,0,4,2,795,105521,19666,12087,"{'playerScore0': 0, 'playerScore1': 0, 'playerScore10': 0, 'playerScore11': 0, 'playerScore2': 0, 'playerScore3': 0, 'playerScore4': 0, 'playerScore5': 0, 'playerScore6': 0, 'playerScore7': 0, 'playerScore8': 0, 'playerScore9': 0}",0,0,0,0,1,0,0,4,8,0,"{'statPerks': {'defense': 5001, 'flex': 5008, 'offense': 5008}, 'styles': [{'description': 'primaryStyle', 'selections': [{'perk': 8021, 'var1': 1896, 'var2': 2370, 'var3': 0}, {'perk': 8009, 'var1': 670, 'var2': 0, 'var3': 0}, {'perk': 9105, 'var1': 16, 'var2': 20, 'var3': 0}, {'perk': 8299, 'var1': 432, 'var2': 0, 'var3': 0}], 'style': 8000}, {'description': 'subStyle', 'selections': [{'perk': 8451, 'var1': 208, 'var2': 0, 'var3': 0}, {'perk': 8444, 'var1': 1485, 'var2': 0, 'var3': 0}], 'style': 8400}]}",13850,1016,11273,0,0,0,0,0,0,6473,0,Ry2ICMxuiv2TrVXKop-z8qOvMGjBUnUc0L0p_Xpwb60DXfUCH9fS1xkx8J5Q4jrkzPWb0O5bZCobpg,0,T1 Panini,FAKER,SOLO,0,158,32,77,22,0,3,4,4,12,Oj5z3KRnvJvKJhmr5Jfs0r1u80AI97o_SKupINcGyVzxeC93,402,LightningKnight,False,200,MIDDLE,2,1651,0,122123,20995,0,24291,0,6274,0,167,72,71,1,0,2751,311,931,2,4,3,0,0,16,0,0,10,True
NA1_4903178685,0,0,3,0,0,0,12011,14,84,Akali,0,0,4,1981,2753,1981,17463,0,6,0,2,0,True,8,2,False,False,False,False,False,False,0,11979,12160,0,MIDDLE,0,0,2,2031,3152,4645,4646,3020,2420,3340,23,3,12,MIDDLE,0,4,2,505,87571,23238,11294,"{'playerScore0': 0, 'playerScore1': 0, 'playerScore10': 0, 'playerScore11': 0, 'playerScore2': 0, 'playerScore3': 0, 'playerScore4': 0, 'playerScore5': 0, 'playerScore6': 0, 'playerScore7': 0, 'playerScore8': 0, 'playerScore9': 0}",0,0,0,1,0,0,0,7,3,0,"{'statPerks': {'defense': 5013, 'flex': 5008, 'offense': 5008}, 'styles': [{'description': 'primaryStyle', 'selections': [{'perk': 8021, 'var1': 1793, 'var2': 2067, 'var3': 0}, {'perk': 8009, 'var1': 760, 'var2': 0, 'var3': 0}, {'perk': 9105, 'var1': 15, 'var2': 30, 'var3': 0}, {'perk': 8299, 'var1': 869, 'var2': 0, 'var3': 0}], 'style': 8000}, {'description': 'subStyle', 'selections': [{'perk': 8451, 'var1': 195, 'var2': 0, 'var3': 0}, {'perk': 8444, 'var1': 1547, 'var2': 0, 'var3': 0}], 'style': 8400}]}",10272,1221,18915,0,0,0,0,0,0,6473,0,Ry2ICMxuiv2TrVXKop-z8qOvMGjBUnUc0L0p_Xpwb60DXfUCH9fS1xkx8J5Q4jrkzPWb0O5bZCobpg,0,T1 Panini,FAKER,SOLO,0,136,31,60,16,0,2,4,3,12,Oj5z3KRnvJvKJhmr5Jfs0r1u80AI97o_SKupINcGyVzxeC93,401,LightningKnight,False,100,MIDDLE,3,1567,0,102941,24717,0,31265,0,2725,0,142,84,159,1,0,5098,258,1054,0,0,10,0,0,15,0,2,9,False
NA1_4902688692,0,1,6,1,0,0,13274,15,84,Akali,0,0,2,1038,4753,1038,16278,0,3,0,1,0,True,6,0,False,False,False,False,False,False,1,10524,8800,0,MIDDLE,0,1,0,2420,3152,1054,3020,4646,0,3340,17,2,7,MIDDLE,0,3,2,644,91376,17698,11131,"{'playerScore0': 0, 'playerScore1': 0, 'playerScore10': 0, 'playerScore11': 0, 'playerScore2': 0, 'playerScore3': 0, 'playerScore4': 0, 'playerScore5': 0, 'playerScore6': 0, 'playerScore7': 0, 'playerScore8': 0, 'playerScore9': 0}",1,6,0,0,1,0,0,2,3,0,"{'statPerks': {'defense': 5013, 'flex': 5008, 'offense': 5008}, 'styles': [{'description': 'primaryStyle', 'selections': [{'perk': 8021, 'var1': 2144, 'var2': 2905, 'var3': 0}, {'perk': 8009, 'var1': 733, 'var2': 0, 'var3': 0}, {'perk': 9105, 'var1': 17, 'var2': 30, 'var3': 0}, {'perk': 8299, 'var1': 651, 'var2': 0, 'var3': 0}], 'style': 8000}, {'description': 'subStyle', 'selections': [{'perk': 8451, 'var1': 192, 'var2': 0, 'var3': 0}, {'perk': 8444, 'var1': 1716, 'var2': 0, 'var3': 0}], 'style': 8400}]}",13246,1281,13834,0,0,0,0,0,0,6473,0,Ry2ICMxuiv2TrVXKop-z8qOvMGjBUnUc0L0p_Xpwb60DXfUCH9fS1xkx8J5Q4jrkzPWb0O5bZCobpg,0,T1 Panini,FAKER,SOLO,0,157,37,54,10,0,2,4,2,12,Oj5z3KRnvJvKJhmr5Jfs0r1u80AI97o_SKupINcGyVzxeC93,401,LightningKnight,False,100,MIDDLE,2,1565,2,104948,18979,0,26159,0,5632,0,170,74,64,1,0,325,0,1193,1,3,2,0,0,19,0,3,9,True
NA1_4901986067,0,0,8,0,0,0,13801,15,84,Akali,0,0,3,1326,2694,1326,31817,0,7,2,2,0,True,5,1,False,False,False,False,False,False,0,11967,11830,0,TOP,0,0,1,3157,3152,4646,3111,0,3145,3364,25,2,6,TOP,0,3,2,877,101225,22319,24545,"{'playerScore0': 0, 'playerScore1': 0, 'playerScore10': 0, 'playerScore11': 0, 'playerScore2': 0, 'playerScore3': 0, 'playerScore4': 0, 'playerScore5': 0, 'playerScore6': 0, 'playerScore7': 0, 'playerScore8': 0, 'playerScore9': 0}",0,0,0,1,0,0,0,12,6,0,"{'statPerks': {'defense': 5003, 'flex': 5008, 'offense': 5008}, 'styles': [{'description': 'primaryStyle', 'selections': [{'perk': 8021, 'var1': 1926, 'var2': 2285, 'var3': 0}, {'perk': 8009, 'var1': 675, 'var2': 0, 'var3': 0}, {'perk': 9105, 'var1': 21, 'var2': 40, 'var3': 0}, {'perk': 8299, 'var1': 879, 'var2': 0, 'var3': 0}], 'style': 8000}, {'description': 'subStyle', 'selections': [{'perk': 8451, 'var1': 197, 'var2': 0, 'var3': 0}, {'perk': 8444, 'var1': 2506, 'var2': 0, 'var3': 0}], 'style': 8400}]}",10348,1494,19428,0,0,0,0,0,0,6473,0,Ry2ICMxuiv2TrVXKop-z8qOvMGjBUnUc0L0p_Xpwb60DXfUCH9fS1xkx8J5Q4jrkzPWb0O5bZCobpg,0,T1 Panini,FAKER,SOLO,0,159,35,79,25,0,5,4,4,12,Oj5z3KRnvJvKJhmr5Jfs0r1u80AI97o_SKupINcGyVzxeC93,401,LightningKnight,False,200,TOP,2,2186,0,111966,23865,0,46601,0,8783,0,150,99,255,1,0,392,52,2627,1,1,7,0,0,26,2,0,6,False
